Name,Date,Open,High,Low,Close,Adj Close,Volume
AAPL,7/30/18,47.974998,48.049999,47.267502,47.477501,45.37307,84118000
AAPL,7/31/18,47.575001,48.035,47.334999,47.572498,45.463867,157492000
AAPL,8/1/18,49.782501,50.439999,49.327499,50.375,48.142143,271742800
AAPL,8/2/18,50.145,52.095001,50.087502,51.8475,49.549374,249616000
AAPL,8/3/18,51.7575,52.185001,51.369999,51.997501,49.69273,133789600
AAPL,8/6/18,52,52.3125,51.767502,52.267502,49.950764,101701600
AAPL,8/7/18,52.330002,52.375,51.689999,51.7775,49.482479,102349600
AAPL,8/8/18,51.512501,51.952499,51.130001,51.8125,49.51593,90102000
AAPL,8/9/18,52.3825,52.445,51.799999,52.220001,49.905373,93970400
AAPL,8/10/18,51.84,52.275002,51.6675,51.8825,49.756714,98444800
AAPL,8/13/18,52.327499,52.737499,51.924999,52.217499,50.077995,103563600
AAPL,8/14/18,52.540001,52.639999,52.064999,52.4375,50.288986,82992000
AAPL,8/15/18,52.305,52.685001,52.0825,52.560001,50.406456,115230400
AAPL,8/16/18,52.9375,53.452499,52.8675,53.330002,51.144909,114001600
AAPL,8/17/18,53.360001,54.487499,53.290001,54.395,52.166267,141708000
AAPL,8/20/18,54.525002,54.794998,53.7775,53.865002,51.657986,121150800
AAPL,8/21/18,54.200001,54.297501,53.5075,53.759998,51.557281,104639200
AAPL,8/22/18,53.525002,54.09,53.459999,53.762501,51.559689,76072400
AAPL,8/23/18,53.662498,54.262501,53.650002,53.872501,51.665173,75532800
AAPL,8/24/18,54.150002,54.224998,53.7775,54.040001,51.825825,73905600
AAPL,8/27/18,54.287498,54.685001,54.0825,54.485001,52.252586,82100400
AAPL,8/28/18,54.752499,55.134998,54.73,54.924999,52.674553,91107200
AAPL,8/29/18,55.037498,55.872501,54.852501,55.744999,53.460953,109019200
AAPL,8/30/18,55.8125,57.064999,55.599998,56.2575,53.952454,195175200
AAPL,8/31/18,56.627499,57.217499,56.5,56.907501,54.575821,173360400
AAPL,9/4/18,57.102501,57.294998,56.657501,57.09,54.750851,109560400
AAPL,9/5/18,57.247501,57.4175,56.275002,56.717499,54.393612,133332000
AAPL,9/6/18,56.557499,56.837502,55.325001,55.775002,53.489731,137160000
AAPL,9/7/18,55.462502,56.342499,55.177502,55.325001,53.05817,150479200
AAPL,9/10/18,55.237499,55.462502,54.1175,54.5825,52.346085,158066000
AAPL,9/11/18,54.502499,56.075001,54.139999,55.962502,53.669548,142996000
AAPL,9/12/18,56.235001,56.25,54.959999,55.267502,53.003025,197114800
AAPL,9/13/18,55.880001,57.087502,55.642502,56.602501,54.283329,166825600
AAPL,9/14/18,56.4375,56.709999,55.630001,55.959999,53.667152,127997200
AAPL,9/17/18,55.537498,55.737499,54.317501,54.470001,52.238194,148780400
AAPL,9/18/18,54.447498,55.462502,54.279999,54.560001,52.32452,126286800
AAPL,9/19/18,54.625,54.904999,53.825001,54.592499,52.355671,108495200
AAPL,9/20/18,55.060001,55.57,54.787498,55.0075,52.753681,106435200
AAPL,9/21/18,55.195,55.34,54.322498,54.415001,52.185459,384986800
AAPL,9/24/18,54.205002,55.314999,54.157501,55.197498,52.93589,110773600
AAPL,9/25/18,54.9375,55.705002,54.924999,55.547501,53.271549,98217600
AAPL,9/26/18,55.25,55.9375,54.939999,55.105,52.847179,95938800
AAPL,9/27/18,55.955002,56.610001,55.884998,56.237499,53.933281,120724800
AAPL,9/28/18,56.197498,56.459999,56.005001,56.435001,54.122684,91717600
AAPL,10/1/18,56.987499,57.355,56.587502,56.814999,54.487122,94403200
AAPL,10/2/18,56.8125,57.5,56.657501,57.32,54.971436,99152800
AAPL,10/3/18,57.512501,58.3675,57.445,58.017502,55.64035,114619200
AAPL,10/4/18,57.695,58.087502,56.682499,56.997501,54.66214,128168000
AAPL,10/5/18,56.990002,57.102501,55.145,56.072498,53.775036,134322000
AAPL,10/8/18,55.552502,56.200001,55.049999,55.942501,53.650368,118655600
AAPL,10/9/18,55.91,56.817501,55.5625,56.717499,54.393612,107564000
AAPL,10/10/18,56.365002,56.587502,54.012501,54.09,51.873775,167962400
AAPL,10/11/18,53.630001,54.875,53.080002,53.612499,51.415829,212497600
AAPL,10/12/18,55.105,55.720001,54.209999,55.5275,53.252369,161351600
AAPL,10/15/18,55.290001,55.4575,54.317501,54.34,52.113525,123164000
AAPL,10/16/18,54.732498,55.747501,54.189999,55.537498,53.261959,116736000
AAPL,10/17/18,55.575001,55.66,54.834999,55.297501,53.031803,91541600
AAPL,10/18/18,54.465,54.935001,53.25,54.005001,51.792259,130325200
AAPL,10/19/18,54.514999,55.314999,54.357498,54.827499,52.581047,132314800
AAPL,10/22/18,54.947498,55.84,54.735001,55.162498,52.902317,115168400
AAPL,10/23/18,53.9575,55.8125,53.674999,55.682499,53.401024,155071200
AAPL,10/24/18,55.650002,56.057499,53.634998,53.772499,51.569275,163702000
AAPL,10/25/18,54.427502,55.345001,54.1875,54.950001,52.69854,119423200
AAPL,10/26/18,53.974998,55.047501,53.1675,54.075001,51.859386,189033600
AAPL,10/29/18,54.797501,54.922501,51.522499,53.060001,50.885963,183742000
AAPL,10/30/18,52.787498,53.794998,52.317501,53.325001,51.140102,146640000
AAPL,10/31/18,54.220001,55.112499,54.154999,54.715,52.47316,153435600
AAPL,11/1/18,54.762501,55.59,54.202499,55.555,53.27874,233292800
AAPL,11/2/18,52.387501,53.412498,51.357498,51.869999,49.744732,365314800
AAPL,11/5/18,51.075001,51.0975,49.5425,50.397499,48.332565,264654800
AAPL,11/6/18,50.48,51.18,50.422501,50.942501,48.855236,127531600
AAPL,11/7/18,51.4925,52.514999,51.032501,52.487499,50.336933,133697600
AAPL,11/8/18,52.494999,52.529999,51.6875,52.122501,50.161293,101450400
AAPL,11/9/18,51.387501,51.502499,50.5625,51.1175,49.194103,137463200
AAPL,11/12/18,49.75,49.962502,48.447498,48.5425,46.716003,204542000
AAPL,11/13/18,47.907501,49.294998,47.862499,48.057499,46.249252,187531600
AAPL,11/14/18,48.474998,48.619999,46.482498,46.700001,44.942829,243204000
AAPL,11/15/18,47.0975,47.9925,46.724998,47.852501,46.051968,185915200
AAPL,11/16/18,47.625,48.7425,47.365002,48.3825,46.562019,147713200
AAPL,11/19/18,47.5,47.674999,46.247501,46.465,44.716671,167701200
AAPL,11/20/18,44.592499,45.3675,43.877499,44.244999,42.5802,271300800
AAPL,11/21/18,44.932499,45.067501,44.137501,44.195,42.532082,124496800
AAPL,11/23/18,43.735001,44.150002,43.025002,43.072498,41.451817,94496000
AAPL,11/26/18,43.560001,43.737499,42.564999,43.654999,42.012398,179994000
AAPL,11/27/18,42.877499,43.692501,42.720001,43.560001,41.920979,165549600
AAPL,11/28/18,44.182499,45.322498,43.732498,45.235001,43.532944,184250000
AAPL,11/29/18,45.665001,45.700001,44.424999,44.887501,43.198521,167080000
AAPL,11/30/18,45.072498,45.0825,44.2575,44.645,42.965153,158126000
AAPL,12/3/18,46.115002,46.235001,45.302502,46.205002,44.466454,163210000
AAPL,12/4/18,45.237499,45.5975,44.067501,44.172501,42.510433,165377200
AAPL,12/6/18,42.939999,43.695,42.605,43.68,42.036461,172393600
AAPL,12/7/18,43.372501,43.622501,42.075001,42.122501,40.537563,169126400
AAPL,12/10/18,41.25,42.522499,40.8325,42.400002,40.804626,248104000
AAPL,12/11/18,42.915001,42.947498,41.75,42.157501,40.571251,189126800
AAPL,12/12/18,42.599998,42.98,42.255001,42.275002,40.684326,142510800
AAPL,12/13/18,42.622501,43.142502,42.387501,42.737499,41.129414,127594400
AAPL,12/14/18,42.25,42.27,41.32,41.369999,39.813381,162814800
AAPL,12/17/18,41.362499,42.087502,40.682499,40.985001,39.44286,177151600
AAPL,12/18/18,41.345001,41.8825,41.0975,41.517502,39.955334,135366000
AAPL,12/19/18,41.5,41.862499,39.772499,40.2225,38.709057,196189200
AAPL,12/20/18,40.099998,40.5275,38.825001,39.2075,37.73225,259092000
AAPL,12/21/18,39.215,39.540001,37.407501,37.682499,36.264622,382978400
AAPL,12/24/18,37.037498,37.887501,36.647499,36.7075,35.326317,148676800
AAPL,12/26/18,37.075001,39.307499,36.68,39.2925,37.814053,234330000
AAPL,12/27/18,38.959999,39.192501,37.517502,39.037498,37.568645,212468400
AAPL,12/28/18,39.375,39.630001,38.637501,39.057499,37.587891,169165600
AAPL,12/31/18,39.6325,39.84,39.119999,39.435001,37.95118,140014000
AAPL,1/2/19,38.7225,39.712502,38.557499,39.48,37.994495,148158800
AAPL,1/3/19,35.994999,36.43,35.5,35.547501,34.209965,365248800
AAPL,1/4/19,36.1325,37.137501,35.950001,37.064999,35.670357,234428400
AAPL,1/7/19,37.174999,37.2075,36.474998,36.982498,35.590961,219111200
AAPL,1/8/19,37.389999,37.955002,37.130001,37.6875,36.26944,164101200
AAPL,1/9/19,37.822498,38.6325,37.407501,38.327499,36.885357,180396400
AAPL,1/10/19,38.125,38.4925,37.715,38.450001,37.003254,143122800
AAPL,1/11/19,38.220001,38.424999,37.877499,38.072498,36.639954,108092800
AAPL,1/14/19,37.712502,37.817501,37.305,37.5,36.088989,129756800
AAPL,1/15/19,37.567501,38.3475,37.512501,38.267502,36.827621,114843600
AAPL,1/16/19,38.27,38.970001,38.25,38.735001,37.277527,122278800
AAPL,1/17/19,38.549999,39.415001,38.314999,38.965,37.498867,119284800
AAPL,1/18/19,39.375,39.470001,38.994999,39.205002,37.729843,135004000
AAPL,1/22/19,39.102501,39.182499,38.154999,38.325001,36.88295,121576000
AAPL,1/23/19,38.537498,38.785,37.924999,38.48,37.03212,92522400
AAPL,1/24/19,38.5275,38.619999,37.935001,38.174999,36.73859,101766000
AAPL,1/25/19,38.869999,39.532501,38.580002,39.439999,37.955997,134142000
AAPL,1/28/19,38.947498,39.0825,38.415001,39.075001,37.604725,104768400
AAPL,1/29/19,39.0625,39.532501,38.5275,38.669998,37.214973,166348800
AAPL,1/30/19,40.8125,41.537498,40.057499,41.3125,39.758045,244439200
AAPL,1/31/19,41.5275,42.25,41.139999,41.610001,40.044338,162958400
AAPL,2/1/19,41.740002,42.244999,41.482498,41.630001,40.063595,130672400
AAPL,2/4/19,41.852501,42.915001,41.82,42.8125,41.201603,125982000
AAPL,2/5/19,43.215,43.77,43.087502,43.544998,41.906544,144406400
AAPL,2/6/19,43.662498,43.892502,43.212502,43.560001,41.920979,112958400
AAPL,2/7/19,43.099998,43.485001,42.584999,42.735001,41.127018,126966800
AAPL,2/8/19,42.247501,42.665001,42.105,42.602501,41.175346,95280000
AAPL,2/11/19,42.762501,42.802502,42.3125,42.357498,40.938549,83973600
AAPL,2/12/19,42.525002,42.75,42.424999,42.7225,41.291313,89134000
AAPL,2/13/19,42.8475,43.119999,42.48,42.544998,41.119766,89960800
AAPL,2/14/19,42.427502,42.814999,42.345001,42.700001,41.269581,87342800
AAPL,2/15/19,42.8125,42.924999,42.4375,42.605,41.177761,98507200
AAPL,2/19/19,42.427502,42.860001,42.372501,42.732498,41.300987,75891200
AAPL,2/20/19,42.797501,43.330002,42.747501,43.0075,41.56678,104457600
AAPL,2/21/19,42.950001,43.092499,42.575001,42.764999,41.332397,68998800
AAPL,2/22/19,42.895,43.25,42.845001,43.2425,41.793907,75652800
AAPL,2/25/19,43.540001,43.967499,43.487499,43.557499,42.098343,87493600
AAPL,2/26/19,43.427502,43.825001,43.2925,43.5825,42.122513,68280800
AAPL,2/27/19,43.302502,43.75,43.182499,43.717499,42.252983,111341600
AAPL,2/28/19,43.580002,43.727501,43.23,43.287498,41.837402,112861600
AAPL,3/1/19,43.57,43.787498,43.2225,43.7425,42.277153,103544800
AAPL,3/4/19,43.922501,44.4375,43.4925,43.962502,42.48978,109744800
AAPL,3/5/19,43.985001,44,43.634998,43.8825,42.412453,78949600
AAPL,3/6/19,43.6675,43.872501,43.485001,43.630001,42.168415,83241600
AAPL,3/7/19,43.467499,43.610001,43.005001,43.125,41.68034,99185600
AAPL,3/8/19,42.580002,43.267502,42.375,43.227501,41.7794,95997600
AAPL,3/11/19,43.872501,44.779999,43.837502,44.724998,43.226738,128044000
AAPL,3/12/19,45,45.6675,44.842499,45.227501,43.712406,129870400
AAPL,3/13/19,45.5625,45.825001,45.23,45.427502,43.905704,124130000
AAPL,3/14/19,45.974998,46.025002,45.639999,45.932499,44.393791,94318000
AAPL,3/15/19,46.212502,46.8325,45.935001,46.529999,44.971268,156171600
AAPL,3/18/19,46.450001,47.0975,46.447498,47.005001,45.430359,104879200
AAPL,3/19/19,47.087502,47.247501,46.48,46.6325,45.070343,126585600
AAPL,3/20/19,46.557499,47.372501,46.182499,47.040001,45.464191,124140800
AAPL,3/21/19,47.505001,49.0825,47.452499,48.772499,47.138657,204136800
AAPL,3/22/19,48.834999,49.422501,47.695,47.762501,46.162479,169630800
AAPL,3/25/19,47.877499,47.994999,46.650002,47.185001,45.604324,175381200
AAPL,3/26/19,47.915001,48.220001,46.145,46.697498,45.133152,199202000
AAPL,3/27/19,47.1875,47.439999,46.637501,47.1175,45.539089,119393600
AAPL,3/28/19,47.237499,47.389999,46.8825,47.18,45.599495,83121600
AAPL,3/29/19,47.4575,47.52,47.134998,47.487499,45.896694,94256000
AAPL,4/1/19,47.91,47.919998,47.095001,47.810001,46.208393,111448000
AAPL,4/2/19,47.772499,48.615002,47.762501,48.505001,46.880119,91062800
AAPL,4/3/19,48.3125,49.125,48.287498,48.837502,47.201477,93087200
AAPL,4/4/19,48.697498,49.092499,48.285,48.922501,47.283627,76457200
AAPL,4/5/19,49.112499,49.275002,48.982498,49.25,47.600151,74106400
AAPL,4/8/19,49.105,50.057499,49.084999,50.025002,48.34919,103526800
AAPL,4/9/19,50.080002,50.712502,49.807499,49.875,48.204212,143072800
AAPL,4/10/19,49.669998,50.185001,49.544998,50.154999,48.474834,86781200
AAPL,4/11/19,50.212502,50.25,49.610001,49.737499,48.071316,83603200
AAPL,4/12/19,49.799999,50.035,49.052502,49.717499,48.051994,111042800
AAPL,4/15/19,49.645,49.962502,49.502499,49.807499,48.138981,70146400
AAPL,4/16/19,49.865002,50.342499,49.639999,49.8125,48.143806,102785600
AAPL,4/17/19,49.884998,50.845001,49.6525,50.782501,49.081322,115627200
AAPL,4/18/19,50.779999,51.037498,50.630001,50.965,49.25771,96783200
AAPL,4/22/19,50.7075,51.235001,50.584999,51.1325,49.419598,77758000
AAPL,4/23/19,51.107498,51.9375,50.974998,51.869999,50.132385,93292000
AAPL,4/24/19,51.84,52.119999,51.762501,51.790001,50.055069,70162400
AAPL,4/25/19,51.7075,51.939999,51.279999,51.32,49.600815,74172800
AAPL,4/26/19,51.224998,51.25,50.529999,51.075001,49.364014,74596400
AAPL,4/29/19,51.099998,51.4925,50.965,51.1525,49.438927,88818800
AAPL,4/30/19,50.764999,50.849998,49.7775,50.1675,48.486916,186139600
AAPL,5/1/19,52.470001,53.827499,52.307499,52.630001,50.866932,259309200
AAPL,5/2/19,52.459999,53.162498,52.032501,52.287498,50.535896,127985200
AAPL,5/3/19,52.7225,52.959999,52.557499,52.9375,51.164127,83569600
AAPL,5/6/19,51.072498,52.209999,50.875,52.119999,50.374012,129772400
AAPL,5/7/19,51.470001,51.855,50.2075,50.715,49.016079,155054800
AAPL,5/8/19,50.474998,51.334999,50.4375,50.724998,49.025738,105358000
AAPL,5/9/19,50.099998,50.419998,49.165001,50.18,48.499008,139634400
AAPL,5/10/19,49.355,49.712502,48.192501,49.294998,47.827126,164834800
AAPL,5/13/19,46.927502,47.369999,45.712502,46.43,45.047436,229722400
AAPL,5/14/19,46.602501,47.424999,46.352501,47.165001,45.760544,146118800
AAPL,5/15/19,46.567501,47.9375,46.505001,47.73,46.308727,106178800
AAPL,5/16/19,47.477501,48.1175,47.209999,47.52,46.104984,132125600
AAPL,5/17/19,46.732498,47.724998,46.689999,47.25,45.843018,131516400
AAPL,5/20/19,45.880001,46.087502,45.07,45.772499,44.409512,154449200
AAPL,5/21/19,46.305,47,46.174999,46.650002,45.260891,113459200
AAPL,5/22/19,46.165001,46.427502,45.637501,45.695,44.334324,118994400
AAPL,5/23/19,44.950001,45.134998,44.452499,44.915001,43.577549,146118800
AAPL,5/24/19,45.049999,45.535,44.654999,44.7425,43.410198,94858800
AAPL,5/28/19,44.73,45.147499,44.477501,44.557499,43.23069,111792800
AAPL,5/29/19,44.105,44.837502,44,44.345001,43.024525,113924800
AAPL,5/30/19,44.487499,44.807499,44.1675,44.575001,43.247681,84873600
AAPL,5/31/19,44.057499,44.497501,43.747501,43.767502,42.464214,108174400
AAPL,6/3/19,43.900002,44.48,42.567501,43.325001,42.034893,161584400
AAPL,6/4/19,43.860001,44.9575,43.630001,44.91,43.572693,123872000
AAPL,6/5/19,46.07,46.247501,45.285,45.634998,44.276096,119093600
AAPL,6/6/19,45.77,46.3675,45.537498,46.305,44.926163,90105200
AAPL,6/7/19,46.627499,47.98,46.442501,47.537498,46.121952,122737600
AAPL,6/10/19,47.952499,48.842499,47.904999,48.145,46.711372,104883600
AAPL,6/11/19,48.715,49,48.400002,48.702499,47.252266,107731600
AAPL,6/12/19,48.487499,48.9925,48.3475,48.547501,47.101891,73012800
AAPL,6/13/19,48.674999,49.197498,48.400002,48.537498,47.092175,86698400
AAPL,6/14/19,47.887501,48.397499,47.575001,48.185001,46.750175,75046000
AAPL,6/17/19,48.224998,48.740002,48.0425,48.4725,47.029114,58676400
AAPL,6/18/19,49.012501,50.072498,48.802502,49.612499,48.135166,106204000
AAPL,6/19/19,49.919998,49.970001,49.327499,49.467499,47.994484,84496800
AAPL,6/20/19,50.092499,50.1525,49.5075,49.865002,48.380154,86056000
AAPL,6/21/19,49.700001,50.212502,49.537498,49.695,48.215206,191202400
AAPL,6/24/19,49.634998,50.040001,49.5425,49.645,48.166702,72881600
AAPL,6/25/19,49.607498,49.814999,48.822498,48.892502,47.436611,84281200
AAPL,6/26/19,49.442501,50.247501,49.337502,49.950001,48.462612,104270000
AAPL,6/27/19,50.072498,50.392502,49.892502,49.935001,48.448067,83598800
AAPL,6/28/19,49.669998,49.875,49.262501,49.48,48.006618,124442400
AAPL,7/1/19,50.7925,51.122501,50.162498,50.387501,48.887085,109012000
AAPL,7/2/19,50.352501,50.782501,50.34,50.682499,49.173306,67740800
AAPL,7/3/19,50.82,51.110001,50.672501,51.102501,49.580807,45448000
AAPL,7/5/19,50.837502,51.27,50.724998,51.057499,49.537151,69062000
AAPL,7/8/19,50.202499,50.349998,49.602501,50.005001,48.515984,101354400
AAPL,7/9/19,49.799999,50.377499,49.702499,50.310001,48.811897,82312000
AAPL,7/10/19,50.462502,50.932499,50.389999,50.807499,49.294582,71588400
AAPL,7/11/19,50.827499,51.0975,50.427502,50.4375,48.935604,80767200
AAPL,7/12/19,50.612499,51,50.549999,50.825001,49.311569,70380800
AAPL,7/15/19,51.022499,51.467499,51,51.302502,49.774849,67789600
AAPL,7/16/19,51.147499,51.5275,50.875,51.125,49.602631,67467200
AAPL,7/17/19,51.012501,51.272499,50.817501,50.837502,49.323685,56430000
AAPL,7/18/19,51,51.470001,50.924999,51.415001,49.883995,74162400
AAPL,7/19/19,51.447498,51.625,50.59,50.647499,49.139355,83717200
AAPL,7/22/19,50.912498,51.807499,50.9025,51.805,50.262379,89111600
AAPL,7/23/19,52.115002,52.227501,51.822498,52.209999,50.655319,73420800
AAPL,7/24/19,51.9175,52.287498,51.7925,52.1675,50.61409,59966400
AAPL,7/25/19,52.2225,52.310001,51.682499,51.755001,50.213871,55638400
AAPL,7/26/19,51.869999,52.432499,51.785,51.935001,50.388512,70475600
AAPL,7/29/19,52.115002,52.66,52.110001,52.419998,50.859066,86693600
AAPL,7/30/19,52.189999,52.540001,51.827499,52.195,50.640762,135742800
AAPL,7/31/19,54.105,55.342499,52.825001,53.259998,51.674053,277125600
AAPL,8/1/19,53.474998,54.5075,51.685001,52.107498,50.555874,216071600
AAPL,8/2/19,51.3825,51.607498,50.407501,51.005001,49.486202,163448400
AAPL,8/5/19,49.497501,49.662498,48.145,48.334999,46.895706,209572000
AAPL,8/6/19,49.077499,49.517502,48.509998,49.25,47.783459,143299200
AAPL,8/7/19,48.852501,49.889999,48.455002,49.759998,48.278286,133457600
AAPL,8/8/19,50.049999,50.8825,49.8475,50.857498,49.34309,108038000
AAPL,8/9/19,50.325001,50.689999,49.822498,50.247501,48.936497,98478800
AAPL,8/12/19,49.904999,50.512501,49.787498,50.119999,48.812313,89927600
AAPL,8/13/19,50.255001,53.035,50.119999,52.2425,50.879429,188874000
AAPL,8/14/19,50.790001,51.610001,50.647499,50.6875,49.365005,146189600
AAPL,8/15/19,50.865002,51.285,49.9175,50.435001,49.119099,108909600
AAPL,8/16/19,51.07,51.790001,50.959999,51.625,50.278046,110481600
AAPL,8/19/19,52.654999,53.182499,52.5075,52.587502,51.215439,97654400
AAPL,8/20/19,52.720001,53.337502,52.580002,52.59,51.217869,107537200
AAPL,8/21/19,53.247501,53.412498,52.900002,53.16,51.772999,86141600
AAPL,8/22/19,53.297501,53.610001,52.6875,53.115002,51.729183,89014800
AAPL,8/23/19,52.357498,53.012501,50.25,50.66,49.338234,187272000
AAPL,8/26/19,51.465,51.797501,51.264999,51.622501,50.275612,104174400
AAPL,8/27/19,51.965,52.137501,50.8825,51.040001,49.708309,103493200
AAPL,8/28/19,51.025002,51.43,50.830002,51.3825,50.041878,63755200
AAPL,8/29/19,52.125,52.330002,51.665001,52.252499,50.889172,83962000
AAPL,8/30/19,52.540001,52.612499,51.799999,52.185001,50.823433,84573600
AAPL,9/3/19,51.607498,51.744999,51.055,51.424999,50.083271,80092000
AAPL,9/4/19,52.0975,52.369999,51.830002,52.297501,50.933002,76752400
AAPL,9/5/19,53,53.4925,52.877499,53.32,51.928822,95654800
AAPL,9/6/19,53.512501,53.605,53.127499,53.314999,51.923958,77449200
AAPL,9/9/19,53.709999,54.110001,52.767502,53.5425,52.145515,109237600
AAPL,9/10/19,53.465,54.195,52.927502,54.174999,52.761509,127111600
AAPL,9/11/19,54.517502,55.927502,54.432499,55.897499,54.439072,177158400
AAPL,9/12/19,56.200001,56.605,55.715,55.772499,54.317333,128906800
AAPL,9/13/19,55,55.197498,54.255001,54.6875,53.260643,159053200
AAPL,9/16/19,54.432499,55.032501,54.389999,54.974998,53.540646,84632400
AAPL,9/17/19,54.990002,55.205002,54.779999,55.174999,53.735424,73274800
AAPL,9/18/19,55.264999,55.712502,54.860001,55.692501,54.239429,101360000
AAPL,9/19/19,55.502499,55.939999,55.092499,55.240002,53.798733,88242400
AAPL,9/20/19,55.345001,55.639999,54.3675,54.432499,53.012295,221652400
AAPL,9/23/19,54.737499,54.959999,54.412498,54.68,53.253338,76662000
AAPL,9/24/19,55.2575,55.622501,54.297501,54.419998,53.000118,124763200
AAPL,9/25/19,54.637501,55.375,54.285,55.2575,53.815762,87613600
AAPL,9/26/19,55,55.235001,54.7075,54.9725,53.538212,75334000
AAPL,9/27/19,55.134998,55.240002,54.32,54.705002,53.277687,101408000
AAPL,9/30/19,55.224998,56.145,55.197498,55.9925,54.531593,103909600
AAPL,10/1/19,56.267502,57.055,56.049999,56.147499,54.682545,139223200
AAPL,10/2/19,55.764999,55.895,54.482498,54.740002,53.311779,138449200
AAPL,10/3/19,54.607498,55.240002,53.782501,55.205002,53.764645,114426000
AAPL,10/4/19,56.41,56.872501,55.9725,56.752499,55.271767,138478800
AAPL,10/7/19,56.567501,57.482498,56.459999,56.764999,55.283936,122306000
AAPL,10/8/19,56.455002,57.014999,56.0825,56.099998,54.636295,111820000
AAPL,10/9/19,56.7575,56.947498,56.41,56.7575,55.276634,74770400
AAPL,10/10/19,56.982498,57.610001,56.825001,57.522499,56.021675,113013600
AAPL,10/11/19,58.237499,59.41,58.077499,59.052502,57.511761,166795600
AAPL,10/14/19,58.724998,59.532501,58.6675,58.967499,57.428967,96427600
AAPL,10/15/19,59.0975,59.412498,58.720001,58.830002,57.295055,87360000
AAPL,10/16/19,58.342499,58.810001,58.299999,58.592499,57.063759,73903200
AAPL,10/17/19,58.772499,59.037498,58.380001,58.82,57.285324,67585200
AAPL,10/18/19,58.647499,59.395,58.572498,59.102501,57.560444,97433600
AAPL,10/21/19,59.380001,60.247501,59.330002,60.127499,58.558708,87247200
AAPL,10/22/19,60.290001,60.549999,59.904999,59.990002,58.424805,82293600
AAPL,10/23/19,60.525002,60.810001,60.305,60.794998,59.20879,75828800
AAPL,10/24/19,61.127499,61.200001,60.452499,60.895,59.306179,69275200
AAPL,10/25/19,60.790001,61.682499,60.720001,61.645,60.036613,73477200
AAPL,10/28/19,61.855,62.3125,61.68,62.262501,60.638004,96572800
AAPL,10/29/19,62.2425,62.4375,60.642502,60.822498,59.235573,142839600
AAPL,10/30/19,61.189999,61.325001,60.302502,60.814999,59.228264,124522000
AAPL,10/31/19,61.810001,62.2925,59.314999,62.189999,60.567394,139162000
AAPL,11/1/19,62.384998,63.982498,62.290001,63.955002,62.286346,151125200
AAPL,11/4/19,64.332497,64.462502,63.845001,64.375,62.695374,103272000
AAPL,11/5/19,64.262497,64.547501,64.080002,64.282501,62.605309,79897600
AAPL,11/6/19,64.192497,64.372498,63.842499,64.309998,62.63208,75864400
AAPL,11/7/19,64.684998,65.087502,64.527496,64.857498,63.354935,94940400
AAPL,11/8/19,64.672501,65.110001,64.212502,65.035004,63.528339,69986400
AAPL,11/11/19,64.574997,65.6175,64.57,65.550003,64.03141,81821200
AAPL,11/12/19,65.387497,65.697502,65.230003,65.489998,63.972771,87388800
AAPL,11/13/19,65.282501,66.195,65.267502,66.1175,64.585739,102734400
AAPL,11/14/19,65.9375,66.220001,65.525002,65.660004,64.138863,89182800
AAPL,11/15/19,65.919998,66.445,65.752502,66.440002,64.900772,100206400
AAPL,11/18/19,66.449997,66.857498,66.057503,66.775002,65.22802,86703200
AAPL,11/19/19,66.974998,67,66.347504,66.572502,65.030205,76167200
AAPL,11/20/19,66.385002,66.519997,65.099998,65.797501,64.273148,106234400
AAPL,11/21/19,65.922501,66.002502,65.294998,65.502502,63.984989,121395200
AAPL,11/22/19,65.647499,65.794998,65.209999,65.445,63.928806,65325200
AAPL,11/25/19,65.677498,66.610001,65.629997,66.592499,65.049751,84020400
AAPL,11/26/19,66.735001,66.790001,65.625,66.072502,64.541794,105207600
AAPL,11/27/19,66.394997,66.995003,66.327499,66.959999,65.40873,65235600
AAPL,11/29/19,66.650002,67,66.474998,66.8125,65.264633,46617600
AAPL,12/2/19,66.817497,67.0625,65.862503,66.040001,64.510048,94487200
AAPL,12/3/19,64.577499,64.8825,64.072502,64.862503,63.359821,114430400
AAPL,12/4/19,65.267502,65.827499,65.169998,65.434998,63.919052,67181600
AAPL,12/5/19,65.947502,66.472504,65.682503,66.394997,64.856796,74424400
AAPL,12/6/19,66.870003,67.75,66.824997,67.677498,66.109604,106075600
AAPL,12/9/19,67.5,67.699997,66.227501,66.730003,65.184074,128042400
AAPL,12/10/19,67.150002,67.517502,66.464996,67.120003,65.565025,90420400
AAPL,12/11/19,67.202499,67.775002,67.125,67.692497,66.124245,78756800
AAPL,12/12/19,66.945,68.139999,66.830002,67.864998,66.29277,137310400
AAPL,12/13/19,67.864998,68.824997,67.732498,68.787498,67.193886,133587600
AAPL,12/16/19,69.25,70.197502,69.245003,69.964996,68.344116,128186000
AAPL,12/17/19,69.892502,70.442497,69.699997,70.102501,68.478416,114158400
AAPL,12/18/19,69.949997,70.474998,69.779999,69.934998,68.314789,116028400
AAPL,12/19/19,69.875,70.294998,69.737503,70.004997,68.383179,98369200
AAPL,12/20/19,70.557503,70.662498,69.639999,69.860001,68.241539,275978000
AAPL,12/23/19,70.1325,71.0625,70.092499,71,69.355141,98572000
AAPL,12/24/19,71.172501,71.222504,70.730003,71.067497,69.421074,48478800
AAPL,12/26/19,71.205002,72.495003,71.175003,72.477501,70.798409,93121200
AAPL,12/27/19,72.779999,73.4925,72.029999,72.449997,70.77153,146266000
AAPL,12/30/19,72.364998,73.172501,71.305,72.879997,71.191574,144114400
AAPL,12/31/19,72.482498,73.419998,72.379997,73.412498,71.711731,100805600
AAPL,1/2/20,74.059998,75.150002,73.797501,75.087502,73.347939,135480400
AAPL,1/3/20,74.287498,75.144997,74.125,74.357498,72.634842,146322800
AAPL,1/6/20,73.447502,74.989998,73.1875,74.949997,73.213615,118387200
AAPL,1/7/20,74.959999,75.224998,74.370003,74.597504,72.869293,108872000
AAPL,1/8/20,74.290001,76.110001,74.290001,75.797501,74.041473,132079200
AAPL,1/9/20,76.809998,77.607498,76.550003,77.407501,75.614189,170108400
AAPL,1/10/20,77.650002,78.167503,77.0625,77.582497,75.785133,140644800
AAPL,1/13/20,77.910004,79.267502,77.787498,79.239998,77.404243,121532000
AAPL,1/14/20,79.175003,79.392502,78.042503,78.169998,76.359016,161954400
AAPL,1/15/20,77.962502,78.875,77.387497,77.834999,76.031792,121923600
AAPL,1/16/20,78.397499,78.925003,78.022499,78.809998,76.9842,108829200
AAPL,1/17/20,79.067497,79.684998,78.75,79.682503,77.836487,137816400
AAPL,1/21/20,79.297501,79.754997,79,79.142502,77.30899,110843200
AAPL,1/22/20,79.644997,79.997498,79.327499,79.425003,77.584953,101832400
AAPL,1/23/20,79.480003,79.889999,78.912498,79.807503,77.958595,104472000
AAPL,1/24/20,80.0625,80.832497,79.379997,79.577499,77.733894,146537600
AAPL,1/27/20,77.514999,77.942497,76.220001,77.237503,75.448128,161940000
AAPL,1/28/20,78.150002,79.599998,78.047501,79.422501,77.582504,162234000
AAPL,1/29/20,81.112503,81.962502,80.345001,81.084999,79.20649,216229200
AAPL,1/30/20,80.135002,81.022499,79.6875,80.967499,79.091721,126743200
AAPL,1/31/20,80.232498,80.669998,77.072502,77.377502,75.584892,199588400
AAPL,2/3/20,76.074997,78.372498,75.555,77.165001,75.377304,173788400
AAPL,2/4/20,78.827499,79.910004,78.407501,79.712502,77.865776,136616400
AAPL,2/5/20,80.879997,81.190002,79.737503,80.362503,78.500725,118826800
AAPL,2/6/20,80.642502,81.305,80.065002,81.302498,79.418953,105425600
AAPL,2/7/20,80.592499,80.849998,79.5,80.0075,78.339432,117684000
AAPL,2/10/20,78.544998,80.387497,78.462502,80.387497,78.711494,109348800
AAPL,2/11/20,80.900002,80.974998,79.677498,79.902496,78.23661,94323200
AAPL,2/12/20,80.3675,81.805,80.3675,81.800003,80.094582,113730400
AAPL,2/13/20,81.047501,81.555,80.837502,81.217499,79.524208,94747600
AAPL,2/14/20,81.184998,81.495003,80.712502,81.237503,79.543793,80113600
AAPL,2/18/20,78.839996,79.9375,78.652496,79.75,78.087318,152531200
AAPL,2/19/20,80,81.142502,80,80.904999,79.218216,93984000
AAPL,2/20/20,80.657501,81.162498,79.552498,80.074997,78.405525,100566000
AAPL,2/21/20,79.654999,80.112503,77.625,78.262497,76.630814,129554000
AAPL,2/24/20,74.315002,76.044998,72.307503,74.544998,72.990829,222195200
AAPL,2/25/20,75.237503,75.6325,71.532501,72.019997,70.518471,230673600
AAPL,2/26/20,71.6325,74.470001,71.625,73.162498,71.637154,198054800
AAPL,2/27/20,70.275002,71.5,68.239998,68.379997,66.954361,320605600
AAPL,2/28/20,64.315002,69.602501,64.092499,68.339996,66.915192,426510000
AAPL,3/2/20,70.57,75.360001,69.43,74.702499,73.145042,341397200
AAPL,3/3/20,75.917503,76,71.449997,72.330002,70.821999,319475600
AAPL,3/4/20,74.110001,75.849998,73.282501,75.684998,74.10704,219178400
AAPL,3/5/20,73.879997,74.887497,72.852501,73.230003,71.703255,187572800
AAPL,3/6/20,70.5,72.705002,70.307503,72.2575,70.751015,226176800
AAPL,3/9/20,65.9375,69.522499,65.75,66.542503,65.155174,286744800
AAPL,3/10/20,69.285004,71.610001,67.342499,71.334999,69.84774,285290000
AAPL,3/11/20,69.347504,70.305,67.964996,68.857498,67.421898,255598800
AAPL,3/12/20,63.985001,67.5,62,62.057499,60.763672,418474000
AAPL,3/13/20,66.222504,69.980003,63.237499,69.4925,68.043648,370732000
AAPL,3/16/20,60.487499,64.769997,60,60.552502,59.290051,322423600
AAPL,3/17/20,61.877499,64.402496,59.599998,63.215,61.897045,324056000
AAPL,3/18/20,59.942501,62.5,59.279999,61.6675,60.381802,300233600
AAPL,3/19/20,61.8475,63.209999,60.6525,61.195,59.919159,271857200
AAPL,3/20/20,61.794998,62.9575,57,57.310001,56.115158,401693200
AAPL,3/23/20,57.02,57.125,53.1525,56.092499,54.923035,336752800
AAPL,3/24/20,59.09,61.922501,58.575001,61.720001,60.433205,287531200
AAPL,3/25/20,62.6875,64.5625,61.075001,61.380001,60.1003,303602000
AAPL,3/26/20,61.630001,64.669998,61.59,64.610001,63.262959,252087200
AAPL,3/27/20,63.1875,63.967499,61.762501,61.935001,60.64373,204216800
AAPL,3/30/20,62.685001,63.880001,62.349998,63.702499,62.374378,167976400
AAPL,3/31/20,63.900002,65.622498,63,63.572498,62.247089,197002000
AAPL,4/1/20,61.625,62.18,59.782501,60.227501,58.971828,176218400
AAPL,4/2/20,60.084999,61.287498,59.224998,61.232498,59.955875,165934000
AAPL,4/3/20,60.700001,61.424999,59.7425,60.352501,59.094219,129880000
AAPL,4/6/20,62.724998,65.777496,62.345001,65.6175,64.249458,201820400
AAPL,4/7/20,67.699997,67.925003,64.75,64.857498,63.505291,202887200
AAPL,4/8/20,65.684998,66.842499,65.307503,66.517502,65.130699,168895200
AAPL,4/9/20,67.175003,67.517502,66.175003,66.997498,65.60067,161834800
AAPL,4/13/20,67.077499,68.425003,66.457497,68.3125,66.88826,131022800
AAPL,4/14/20,70,72.0625,69.512497,71.762497,70.266335,194994800
AAPL,4/15/20,70.599998,71.582497,70.157501,71.107498,69.624977,131154400
AAPL,4/16/20,71.845001,72.050003,70.587502,71.672501,70.178215,157125200
AAPL,4/17/20,71.172501,71.737503,69.214996,70.699997,69.225975,215250000
AAPL,4/20/20,69.487503,70.419998,69.212502,69.232498,67.789093,130015200
AAPL,4/21/20,69.07,69.3125,66.357498,67.092499,65.693695,180991600
AAPL,4/22/20,68.402496,69.474998,68.050003,69.025002,67.58593,116862400
AAPL,4/23/20,68.967499,70.4375,68.717499,68.7575,67.323997,124814400
AAPL,4/24/20,69.300003,70.752502,69.25,70.7425,69.267601,126161200
AAPL,4/27/20,70.449997,71.135002,69.987503,70.792503,69.316574,117087600
AAPL,4/28/20,71.269997,71.457497,69.550003,69.644997,68.192978,112004800
AAPL,4/29/20,71.182503,72.417503,70.972504,71.932503,70.432793,137280800
AAPL,4/30/20,72.489998,73.6325,72.087502,73.449997,71.91864,183064000
AAPL,5/1/20,71.5625,74.75,71.462502,72.267502,70.760811,240616800
AAPL,5/4/20,72.292503,73.422501,71.580002,73.290001,71.762001,133568000
AAPL,5/5/20,73.764999,75.25,73.614998,74.389999,72.839058,147751200
AAPL,5/6/20,75.114998,75.809998,74.717499,75.157501,73.590553,142333600
AAPL,5/7/20,75.805,76.292503,75.4925,75.934998,74.351852,115215200
AAPL,5/8/20,76.410004,77.587502,76.072502,77.532501,76.121536,133838400
AAPL,5/11/20,77.025002,79.262497,76.809998,78.752502,77.319328,145946400
AAPL,5/12/20,79.457497,79.922501,77.727501,77.852501,76.435722,162301200
AAPL,5/13/20,78.037498,78.987503,75.802498,76.912498,75.51281,200622400
AAPL,5/14/20,76.127502,77.447502,75.3825,77.385002,75.976738,158929200
AAPL,5/15/20,75.087502,76.974998,75.052498,76.927498,75.52755,166348400
AAPL,5/18/20,78.292503,79.125,77.580002,78.739998,77.30706,135178400
AAPL,5/19/20,78.7575,79.629997,78.252502,78.285004,76.860352,101729600
AAPL,5/20/20,79.169998,79.879997,79.129997,79.807503,78.355141,111504800
AAPL,5/21/20,79.665001,80.222504,78.967499,79.212502,77.770966,102688800
AAPL,5/22/20,78.942497,79.807503,78.837502,79.722504,78.271675,81803200
AAPL,5/26/20,80.875,81.059998,79.125,79.182503,77.741516,125522000
AAPL,5/27/20,79.035004,79.677498,78.272499,79.527496,78.080231,112945200
AAPL,5/28/20,79.192497,80.860001,78.907501,79.5625,78.114601,133560800
AAPL,5/29/20,79.8125,80.287498,79.1175,79.485001,78.038513,153532400
AAPL,6/1/20,79.4375,80.587502,79.302498,80.462502,78.99823,80791200
AAPL,6/2/20,80.1875,80.860001,79.732498,80.834999,79.363945,87642800
AAPL,6/3/20,81.165001,81.550003,80.574997,81.279999,79.800842,104491200
AAPL,6/4/20,81.097504,81.404999,80.195,80.580002,79.113586,87560400
AAPL,6/5/20,80.837502,82.9375,80.807503,82.875,81.366806,137250400
AAPL,6/8/20,82.5625,83.400002,81.830002,83.364998,81.8479,95654400
AAPL,6/9/20,83.035004,86.402496,83.002502,85.997498,84.432487,147712400
AAPL,6/10/20,86.974998,88.692497,86.522499,88.209999,86.604736,166651600
AAPL,6/11/20,87.327499,87.764999,83.870003,83.974998,82.4468,201662400
AAPL,6/12/20,86.18,86.949997,83.555,84.699997,83.1586,200146000
AAPL,6/15/20,83.3125,86.419998,83.144997,85.747498,84.187035,138808800
AAPL,6/16/20,87.864998,88.300003,86.18,88.019997,86.41819,165428800
AAPL,6/17/20,88.787498,88.849998,87.772499,87.897499,86.29792,114406400
AAPL,6/18/20,87.852501,88.362503,87.305,87.932503,86.332283,96820400
AAPL,6/19/20,88.660004,89.139999,86.287498,87.43,85.838913,264476000
AAPL,6/22/20,87.834999,89.864998,87.787498,89.717499,88.084793,135445200
AAPL,6/23/20,91,93.095001,90.567497,91.6325,89.964943,212155600
AAPL,6/24/20,91.25,92.197502,89.629997,90.014999,88.376884,192623200
AAPL,6/25/20,90.175003,91.25,89.392502,91.209999,89.550133,137522400
AAPL,6/26/20,91.102501,91.330002,88.254997,88.407501,86.79863,205256800
AAPL,6/29/20,88.3125,90.542503,87.82,90.445,88.799049,130646000
AAPL,6/30/20,90.019997,91.495003,90,91.199997,89.540298,140223200
AAPL,7/1/20,91.279999,91.839996,90.977501,91.027496,89.370941,110737200
AAPL,7/2/20,91.962502,92.6175,90.910004,91.027496,89.370941,114041600
AAPL,7/6/20,92.5,93.945,92.467499,93.462502,91.761642,118655600
AAPL,7/7/20,93.852501,94.654999,93.057503,93.172501,91.476921,112424400
AAPL,7/8/20,94.18,95.375,94.089996,95.342499,93.607437,117092000
AAPL,7/9/20,96.262497,96.317497,94.672501,95.752502,94.009956,125642800
AAPL,7/10/20,95.334999,95.980003,94.705002,95.919998,94.174423,90257200
AAPL,7/13/20,97.264999,99.955002,95.2575,95.477501,93.739967,191649200
AAPL,7/14/20,94.839996,97.254997,93.877502,97.057503,95.291222,170989200
AAPL,7/15/20,98.989998,99.247498,96.489998,97.724998,95.946571,153198000
AAPL,7/16/20,96.5625,97.404999,95.904999,96.522499,94.765961,110577600
AAPL,7/17/20,96.987503,97.147499,95.839996,96.327499,94.574516,92186800
AAPL,7/20/20,96.417503,98.5,96.0625,98.357498,96.567558,90318000
AAPL,7/21/20,99.172501,99.25,96.7425,97,95.234764,103433200
AAPL,7/22/20,96.692497,97.974998,96.602501,97.272499,95.502304,89001600
AAPL,7/23/20,96.997498,97.077499,92.010002,92.845001,91.155373,197004400
AAPL,7/24/20,90.987503,92.970001,89.144997,92.614998,90.929565,185438800
AAPL,7/27/20,93.709999,94.904999,93.480003,94.809998,93.084625,121214000
AAPL,7/28/20,94.3675,94.550003,93.247498,93.252502,91.555458,103625600
AAPL,7/29/20,93.75,95.230003,93.712502,95.040001,93.310432,90329200
AAPL,7/30/20,94.1875,96.297501,93.767502,96.190002,94.439522,158130000
AAPL,7/31/20,102.885002,106.415001,100.824997,106.260002,104.326248,374336800
AAPL,8/3/20,108.199997,111.637497,107.892502,108.9375,106.955025,308151200
AAPL,8/4/20,109.1325,110.790001,108.387497,109.665001,107.669289,173071600
AAPL,8/5/20,109.377502,110.392502,108.897499,110.0625,108.05954,121776800
AAPL,8/6/20,110.404999,114.412498,109.797501,113.902496,111.829659,202428800
AAPL,8/7/20,113.205002,113.675003,110.292503,111.112503,109.28714,198045600
AAPL,8/10/20,112.599998,113.775002,110,112.727501,110.875603,212403600
AAPL,8/11/20,111.970001,112.482498,109.107498,109.375,107.578178,187902400
AAPL,8/12/20,110.497498,113.275002,110.297501,113.010002,111.153458,165598000
AAPL,8/13/20,114.43,116.042503,113.927498,115.010002,113.120598,210082000
AAPL,8/14/20,114.830002,115,113.044998,114.907501,113.019798,165565200
AAPL,8/17/20,116.0625,116.087502,113.962502,114.607498,112.724709,119561600
AAPL,8/18/20,114.352501,116,114.0075,115.5625,113.664032,105633600
AAPL,8/19/20,115.982498,117.162498,115.610001,115.707497,113.806641,145538000
AAPL,8/20/20,115.75,118.392502,115.732498,118.275002,116.33197,126907200
AAPL,8/21/20,119.262497,124.8675,119.25,124.370003,122.326843,338054800
AAPL,8/24/20,128.697495,128.785004,123.9375,125.857498,123.789909,345937600
AAPL,8/25/20,124.697502,125.18,123.052498,124.824997,122.774368,211495600
AAPL,8/26/20,126.18,126.9925,125.082497,126.522499,124.443977,163022400
AAPL,8/27/20,127.142502,127.485001,123.832497,125.010002,122.956337,155552400
AAPL,8/28/20,126.012497,126.442497,124.577499,124.807503,122.757149,187630000
AAPL,8/31/20,127.580002,131,126,129.039993,126.920113,225702700
AAPL,9/1/20,132.759995,134.800003,130.529999,134.179993,131.975677,151948100
AAPL,9/2/20,137.589996,137.979996,127,131.399994,129.241348,200119000
AAPL,9/3/20,126.910004,128.839996,120.5,120.879997,118.894165,257599600
AAPL,9/4/20,120.07,123.699997,110.889999,120.959999,118.972862,332607200
AAPL,9/8/20,113.949997,118.989998,112.68,112.82,110.966576,231366600
AAPL,9/9/20,117.260002,119.139999,115.260002,117.32,115.392654,176940500
AAPL,9/10/20,120.360001,120.5,112.5,113.489998,111.625572,182274400
AAPL,9/11/20,114.57,115.230003,110,112,110.160057,180860300
AAPL,9/14/20,114.720001,115.93,112.800003,115.360001,113.464844,140150100
AAPL,9/15/20,118.330002,118.830002,113.610001,115.540001,113.641907,184642000
AAPL,9/16/20,115.230003,116,112.040001,112.129997,110.287903,154679000
AAPL,9/17/20,109.720001,112.199997,108.709999,110.339996,108.527313,178011000
AAPL,9/18/20,110.400002,110.879997,106.089996,106.839996,105.084824,287104900
AAPL,9/21/20,104.540001,110.190002,103.099998,110.080002,108.271591,195713800
AAPL,9/22/20,112.68,112.860001,109.160004,111.809998,109.973175,183055400
AAPL,9/23/20,111.620003,112.110001,106.769997,107.120003,105.360222,150718700
AAPL,9/24/20,105.169998,110.25,105,108.220001,106.442139,167743300
AAPL,9/25/20,108.43,112.440002,107.669998,112.279999,110.435455,149981400
AAPL,9/28/20,115.010002,115.32,112.779999,114.959999,113.071426,137672400
AAPL,9/29/20,114.550003,115.309998,113.57,114.089996,112.215721,99382200
AAPL,9/30/20,113.790001,117.260002,113.620003,115.809998,113.907455,142675200
AAPL,10/1/20,117.639999,117.720001,115.830002,116.790001,114.871361,116120400
AAPL,10/2/20,112.889999,115.370003,112.220001,113.019997,111.163284,144712000
AAPL,10/5/20,113.910004,116.650002,113.550003,116.5,114.586113,106243800
AAPL,10/6/20,115.699997,116.120003,112.25,113.160004,111.300995,161498200
AAPL,10/7/20,114.620003,115.550003,114.129997,115.080002,113.189468,96849000
AAPL,10/8/20,116.25,116.400002,114.589996,114.970001,113.081261,83477200
AAPL,10/9/20,115.279999,117,114.919998,116.970001,115.048416,100506900
AAPL,10/12/20,120.059998,125.18,119.279999,124.400002,122.356339,240226800
AAPL,10/13/20,125.269997,125.389999,119.650002,121.099998,119.110565,262330500
AAPL,10/14/20,121,123.029999,119.620003,121.190002,119.199081,150712000
AAPL,10/15/20,118.720001,121.199997,118.150002,120.709999,118.726952,112559200
AAPL,10/16/20,121.279999,121.550003,118.809998,119.019997,117.064735,115393800
AAPL,10/19/20,119.959999,120.419998,115.660004,115.980003,114.074677,120639300
AAPL,10/20/20,116.199997,118.980003,115.629997,117.510002,115.579529,124423700
AAPL,10/21/20,116.669998,118.709999,116.449997,116.870003,114.95005,89946000
AAPL,10/22/20,117.449997,118.040001,114.589996,115.75,113.848457,101988000
AAPL,10/23/20,116.389999,116.550003,114.279999,115.040001,113.150108,82572600
AAPL,10/26/20,114.010002,116.550003,112.879997,115.050003,113.15995,111850700
AAPL,10/27/20,115.489998,117.279999,114.540001,116.599998,114.684471,92276800
AAPL,10/28/20,115.050003,115.43,111.099998,111.199997,109.373192,143937800
AAPL,10/29/20,112.370003,116.93,112.199997,115.32,113.425507,146129200
AAPL,10/30/20,111.059998,111.989998,107.720001,108.860001,107.071632,190272600
AAPL,11/2/20,109.110001,110.68,107.32,108.769997,106.983116,122866900
AAPL,11/3/20,109.660004,111.489998,108.730003,110.440002,108.625671,107624400
AAPL,11/4/20,114.139999,115.589996,112.349998,114.949997,113.061584,138235500
AAPL,11/5/20,117.949997,119.620003,116.870003,119.029999,117.074562,126387100
AAPL,11/6/20,118.32,119.199997,116.129997,118.690002,116.941559,114457900
AAPL,11/9/20,120.5,121.989998,116.050003,116.32,114.606468,154515300
AAPL,11/10/20,115.550003,117.589996,114.129997,115.970001,114.26162,138023400
AAPL,11/11/20,117.190002,119.629997,116.440002,119.489998,117.729767,112295000
AAPL,11/12/20,119.620003,120.529999,118.57,119.209999,117.453896,103162300
AAPL,11/13/20,119.440002,119.669998,117.870003,119.260002,117.503166,81581900
AAPL,11/16/20,118.919998,120.989998,118.150002,120.300003,118.52784,91183000
AAPL,11/17/20,119.550003,120.669998,118.959999,119.389999,117.631241,74271000
AAPL,11/18/20,118.610001,119.82,118,118.029999,116.291283,76322100
AAPL,11/19/20,117.589996,119.059998,116.809998,118.639999,116.892288,74113000
AAPL,11/20/20,118.639999,118.769997,117.290001,117.339996,115.611435,73604300
AAPL,11/23/20,117.18,117.620003,113.75,113.849998,112.172844,127959300
AAPL,11/24/20,113.910004,115.849998,112.589996,115.169998,113.473419,113874200
AAPL,11/25/20,115.550003,116.75,115.169998,116.029999,114.320747,76499200
AAPL,11/27/20,116.57,117.489998,116.220001,116.589996,114.872482,46691300
AAPL,11/30/20,116.970001,120.970001,116.809998,119.050003,117.296265,169410200
AAPL,12/1/20,121.010002,123.470001,120.010002,122.720001,120.912201,127728200
AAPL,12/2/20,122.019997,123.370003,120.889999,123.080002,121.266891,89004200
AAPL,12/3/20,123.519997,123.779999,122.209999,122.940002,121.12896,78967600
AAPL,12/4/20,122.599998,122.860001,121.519997,122.25,120.449104,78260400
AAPL,12/7/20,122.309998,124.57,122.25,123.75,121.92701,86712000
AAPL,12/8/20,124.370003,124.980003,123.089996,124.379997,122.547729,82225500
AAPL,12/9/20,124.529999,125.949997,121,121.779999,119.986023,115089200
AAPL,12/10/20,120.5,123.870003,120.150002,123.239998,121.42453,81312200
AAPL,12/11/20,122.43,122.760002,120.550003,122.410004,120.606743,86939800
AAPL,12/14/20,122.599998,123.349998,121.540001,121.779999,119.986023,79184500
AAPL,12/15/20,124.339996,127.900002,124.129997,127.879997,125.996178,157243700
AAPL,12/16/20,127.410004,128.369995,126.559998,127.809998,125.927208,98208600
AAPL,12/17/20,128.899994,129.580002,128.039993,128.699997,126.8041,94359800
AAPL,12/18/20,128.960007,129.100006,126.120003,126.660004,124.794151,192541500
AAPL,12/21/20,125.019997,128.309998,123.449997,128.229996,126.341011,121251600
AAPL,12/22/20,131.610001,134.410004,129.649994,131.880005,129.937241,168904800
AAPL,12/23/20,132.160004,132.429993,130.779999,130.960007,129.030823,88223700
AAPL,12/24/20,131.320007,133.460007,131.100006,131.970001,130.025925,54930100
AAPL,12/28/20,133.990005,137.339996,133.509995,136.690002,134.676392,124486200
AAPL,12/29/20,138.050003,138.789993,134.339996,134.869995,132.883194,121047300
AAPL,12/30/20,135.580002,135.990005,133.399994,133.720001,131.750168,96452100
AAPL,12/31/20,134.080002,134.740005,131.720001,132.690002,130.735321,99116600
AAPL,1/4/21,133.520004,133.610001,126.760002,129.410004,127.503639,143301900
AAPL,1/5/21,128.889999,131.740005,128.429993,131.009995,129.080048,97664900
AAPL,1/6/21,127.720001,131.050003,126.379997,126.599998,124.735031,155088000
AAPL,1/7/21,128.360001,131.630005,127.860001,130.919998,128.991394,109578200
AAPL,1/8/21,132.429993,132.630005,130.229996,132.050003,130.104767,105158200
AAPL,1/11/21,129.190002,130.169998,128.5,128.979996,127.079979,100384500
AAPL,1/12/21,128.5,129.690002,126.860001,128.800003,126.902634,91951100
AAPL,1/13/21,128.759995,131.449997,128.490005,130.889999,128.961838,88636800
AAPL,1/14/21,130.800003,131,128.759995,128.910004,127.010994,90221800
AAPL,1/15/21,128.779999,130.220001,127,127.139999,125.267075,111598500
AAPL,1/19/21,127.779999,128.710007,126.940002,127.830002,125.946907,90757300
AAPL,1/20/21,128.660004,132.490005,128.550003,132.029999,130.085052,104319500
AAPL,1/21/21,133.800003,139.669998,133.589996,136.869995,134.853729,120150900
AAPL,1/22/21,136.279999,139.850006,135.020004,139.070007,137.021332,114459400
AAPL,1/25/21,143.070007,145.089996,136.539993,142.919998,140.814621,157611700
AAPL,1/26/21,143.600006,144.300003,141.369995,143.160004,141.051086,98390600
AAPL,1/27/21,143.429993,144.300003,140.410004,142.059998,139.96727,140843800
AAPL,1/28/21,139.520004,141.990005,136.699997,137.089996,135.070496,142621100
AAPL,1/29/21,135.830002,136.740005,130.210007,131.960007,130.016068,177523800
AAPL,2/1/21,133.75,135.380005,130.929993,134.139999,132.163986,106239800
AAPL,2/2/21,135.729996,136.309998,134.610001,134.990005,133.00145,83305400
AAPL,2/3/21,135.759995,135.770004,133.610001,133.940002,131.966904,89880900
AAPL,2/4/21,136.300003,137.399994,134.589996,137.389999,135.366074,84183100
AAPL,2/5/21,137.350006,137.419998,135.860001,136.759995,134.946686,75693800
AAPL,2/8/21,136.029999,136.960007,134.919998,136.910004,135.094727,71297200
AAPL,2/9/21,136.619995,137.880005,135.850006,136.009995,134.20665,76774200
AAPL,2/10/21,136.479996,136.990005,134.399994,135.389999,133.594849,73046600
AAPL,2/11/21,135.899994,136.389999,133.770004,135.130005,133.338348,64280000
AAPL,2/12/21,134.350006,135.529999,133.690002,135.369995,133.575119,60145100
AAPL,2/16/21,135.490005,136.009995,132.789993,133.190002,131.424057,80576300
AAPL,2/17/21,131.25,132.220001,129.470001,130.839996,129.105225,97918500
AAPL,2/18/21,129.199997,130,127.410004,129.710007,127.990196,96856700
AAPL,2/19/21,130.240005,130.710007,128.800003,129.869995,128.148071,87668800
AAPL,2/22/21,128.009995,129.720001,125.599998,126,124.329376,103916400
AAPL,2/23/21,123.760002,126.709999,118.389999,125.860001,124.191238,158273000
AAPL,2/24/21,124.940002,125.559998,122.230003,125.349998,123.687988,111039900
AAPL,2/25/21,124.68,126.459999,120.540001,120.989998,119.385811,148199500
AAPL,2/26/21,122.589996,124.849998,121.199997,121.260002,119.652229,164560400
AAPL,3/1/21,123.75,127.93,122.790001,127.790001,126.09565,116307900
AAPL,3/2/21,128.410004,128.720001,125.010002,125.120003,123.461052,102260900
AAPL,3/3/21,124.809998,125.709999,121.839996,122.059998,120.441612,112966300
AAPL,3/4/21,121.75,123.599998,118.620003,120.129997,118.537201,178155000
AAPL,3/5/21,120.980003,121.940002,117.57,121.419998,119.810104,153766600
AAPL,3/8/21,120.93,121,116.209999,116.360001,114.817192,154376600
AAPL,3/9/21,119.029999,122.059998,118.790001,121.089996,119.484474,129525800
AAPL,3/10/21,121.690002,122.169998,119.449997,119.980003,118.389214,111943300
AAPL,3/11/21,122.540001,123.209999,121.260002,121.959999,120.342941,103026500
AAPL,3/12/21,120.400002,121.169998,119.160004,121.029999,119.425278,88105100
AAPL,3/15/21,121.410004,124,120.419998,123.989998,122.346016,92403800
AAPL,3/16/21,125.699997,127.220001,124.720001,125.57,123.905067,115227900
AAPL,3/17/21,124.050003,125.860001,122.339996,124.760002,123.105827,111932600
AAPL,3/18/21,122.879997,123.18,120.32,120.529999,118.931908,121229700
AAPL,3/19/21,119.900002,121.43,119.68,119.989998,118.399055,185549500
AAPL,3/22/21,120.330002,123.870003,120.260002,123.389999,121.753983,111912300
AAPL,3/23/21,123.330002,124.239998,122.139999,122.540001,120.91526,95467100
AAPL,3/24/21,122.82,122.900002,120.07,120.089996,118.497734,88530500
AAPL,3/25/21,119.540001,121.660004,119,120.589996,118.991112,98844700
AAPL,3/26/21,120.349998,121.480003,118.919998,121.209999,119.60289,94071200
AAPL,3/29/21,121.650002,122.580002,120.730003,121.389999,119.780495,80819200
AAPL,3/30/21,120.110001,120.400002,118.860001,119.900002,118.310257,85671900
AAPL,3/31/21,121.650002,123.519997,121.150002,122.150002,120.530434,118323800
AAPL,4/1/21,123.660004,124.18,122.489998,123,121.369164,75089100
AAPL,4/5/21,123.870003,126.160004,123.07,125.900002,124.230705,88651200
AAPL,4/6/21,126.5,127.129997,125.650002,126.209999,124.536591,80171300
AAPL,4/7/21,125.830002,127.919998,125.139999,127.900002,126.204185,83466700
AAPL,4/8/21,128.949997,130.389999,128.520004,130.360001,128.631592,88844600
AAPL,4/9/21,129.800003,133.039993,129.470001,133,131.236557,106686700
AAPL,4/12/21,132.520004,132.850006,130.630005,131.240005,129.499908,91420000
AAPL,4/13/21,132.440002,134.660004,131.929993,134.429993,132.647614,91266500
AAPL,4/14/21,134.940002,135,131.660004,132.029999,130.279449,87222800
AAPL,4/15/21,133.820007,135,133.639999,134.5,132.716675,89347100
AAPL,4/16/21,134.300003,134.669998,133.279999,134.160004,132.381195,84922400
AAPL,4/19/21,133.509995,135.470001,133.339996,134.839996,133.05217,94264200
AAPL,4/20/21,135.020004,135.529999,131.809998,133.110001,131.345108,94812300
AAPL,4/21/21,132.360001,133.75,131.300003,133.5,131.729935,68847100
AAPL,4/22/21,133.039993,134.149994,131.410004,131.940002,130.190628,84566500
AAPL,4/23/21,132.160004,135.119995,132.160004,134.320007,132.539078,78657500
AAPL,4/26/21,134.830002,135.059998,133.559998,134.720001,132.933762,66905100
AAPL,4/27/21,135.009995,135.410004,134.110001,134.389999,132.608124,66015800
AAPL,4/28/21,134.309998,135.020004,133.080002,133.580002,131.808853,107760100
AAPL,4/29/21,136.470001,137.070007,132.449997,133.479996,131.71022,151101000
AAPL,4/30/21,131.779999,133.559998,131.070007,131.460007,129.716995,109839500
AAPL,5/3/21,132.039993,134.070007,131.830002,132.539993,130.782654,75135100
AAPL,5/4/21,131.190002,131.490005,126.699997,127.849998,126.154846,137564700
AAPL,5/5/21,129.199997,130.449997,127.970001,128.100006,126.40155,84000900
AAPL,5/6/21,127.889999,129.75,127.129997,129.740005,128.019791,78128300
AAPL,5/7/21,130.850006,131.259995,129.479996,130.210007,128.701813,78973300
AAPL,5/10/21,129.410004,129.539993,126.809998,126.849998,125.380722,88071200
AAPL,5/11/21,123.5,126.269997,122.769997,125.910004,124.451614,126142800
AAPL,5/12/21,123.400002,124.639999,122.25,122.769997,121.347969,112172300
AAPL,5/13/21,124.580002,126.150002,124.260002,124.970001,123.522491,105861300
AAPL,5/14/21,126.25,127.889999,125.849998,127.449997,125.973763,81918000
AAPL,5/17/21,126.82,126.93,125.169998,126.269997,124.807434,74244600
AAPL,5/18/21,126.559998,126.989998,124.779999,124.849998,123.40387,63342900
AAPL,5/19/21,123.160004,124.919998,122.860001,124.690002,123.245743,92612000
AAPL,5/20/21,125.230003,127.720001,125.099998,127.309998,125.835396,76857100
AAPL,5/21/21,127.82,128,125.209999,125.43,123.977165,79295400
AAPL,5/24/21,126.010002,127.940002,125.940002,127.099998,125.627823,63092900
AAPL,5/25/21,127.82,128.320007,126.32,126.900002,125.430145,72009500
AAPL,5/26/21,126.959999,127.389999,126.419998,126.849998,125.380722,56575900
AAPL,5/27/21,126.440002,127.639999,125.080002,125.279999,123.828903,94625600
AAPL,5/28/21,125.57,125.800003,124.550003,124.610001,123.166656,71311100
AAPL,6/1/21,125.080002,125.349998,123.940002,124.279999,122.840485,67637100
AAPL,6/2/21,124.279999,125.239998,124.050003,125.059998,123.611443,59278900
AAPL,6/3/21,124.68,124.849998,123.129997,123.540001,122.109055,76229200
AAPL,6/4/21,124.07,126.160004,123.849998,125.889999,124.431847,75169300
AAPL,6/7/21,126.169998,126.32,124.830002,125.900002,124.441727,71057600
AAPL,6/8/21,126.599998,128.460007,126.209999,126.739998,125.271996,74403800
AAPL,6/9/21,127.209999,127.75,126.519997,127.129997,125.657463,56877900
AAPL,6/10/21,127.019997,128.190002,125.940002,126.110001,124.6493,71186400
AAPL,6/11/21,126.529999,127.440002,126.099998,127.349998,125.874924,53522400
AAPL,6/14/21,127.82,130.539993,127.07,130.479996,128.968658,96906500
AAPL,6/15/21,129.940002,130.600006,129.389999,129.639999,128.138397,62746300
AAPL,6/16/21,130.369995,130.889999,128.460007,130.149994,128.642517,91815000
AAPL,6/17/21,129.800003,132.550003,129.649994,131.789993,130.263474,96721700
AAPL,6/18/21,130.710007,131.509995,130.240005,130.460007,128.948914,108953300
AAPL,6/21/21,130.300003,132.410004,129.210007,132.300003,130.767609,79663300
AAPL,6/22/21,132.130005,134.080002,131.619995,133.979996,132.428116,74783600
AAPL,6/23/21,133.770004,134.320007,133.229996,133.699997,132.151367,60214200
AAPL,6/24/21,134.449997,134.639999,132.929993,133.410004,131.864746,68711000
AAPL,6/25/21,133.460007,133.889999,132.809998,133.110001,131.568207,70783700
AAPL,6/28/21,133.410004,135.25,133.350006,134.779999,133.218857,62111300
AAPL,6/29/21,134.800003,136.490005,134.350006,136.330002,134.7509,64556100
AAPL,6/30/21,136.169998,137.410004,135.869995,136.960007,135.373611,63261400
AAPL,7/1/21,136.600006,137.330002,135.759995,137.270004,135.680038,52485800
AAPL,7/2/21,137.899994,140,137.75,139.960007,138.338882,78852600
AAPL,7/6/21,140.070007,143.149994,140.070007,142.020004,140.375031,108181800
AAPL,7/7/21,143.539993,144.889999,142.660004,144.570007,142.895447,104911600
AAPL,7/8/21,141.580002,144.059998,140.669998,143.240005,141.580887,105575500
AAPL,7/9/21,142.75,145.649994,142.649994,145.110001,143.429214,99890800
AAPL,7/12/21,146.210007,146.320007,144,144.5,142.826279,76299700
AAPL,7/13/21,144.029999,147.460007,143.630005,145.639999,143.953079,100827100
AAPL,7/14/21,148.100006,149.570007,147.679993,149.149994,147.422409,127050800
AAPL,7/15/21,149.240005,150,147.089996,148.479996,146.760178,106820300
AAPL,7/16/21,148.460007,149.759995,145.880005,146.389999,144.694382,93251400
AAPL,7/19/21,143.75,144.070007,141.669998,142.449997,140.800018,121434600
AAPL,7/20/21,143.460007,147.100006,142.960007,146.149994,144.457169,96350000
AAPL,7/21/21,145.529999,146.130005,144.630005,145.399994,143.715851,74993500
AAPL,7/22/21,145.940002,148.199997,145.809998,146.800003,145.099609,77338200
AAPL,7/23/21,147.550003,148.720001,146.919998,148.559998,146.839264,71447400
AAPL,7/26/21,148.270004,149.830002,147.699997,148.990005,147.264282,72434100
AAPL,7/27/21,149.119995,149.210007,145.550003,146.770004,145.069992,104818600
AAPL,7/28/21,144.809998,146.970001,142.539993,144.979996,143.30069,118931200
AAPL,7/29/21,144.690002,146.550003,144.580002,145.639999,143.953079,56699500
AAPL,7/30/21,144.380005,146.330002,144.110001,145.860001,144.170517,70440600
AAPL,8/2/21,146.360001,146.949997,145.25,145.520004,143.834488,62880000
AAPL,8/3/21,145.809998,148.039993,145.179993,147.360001,145.653152,64786600
AAPL,8/4/21,147.270004,147.789993,146.279999,146.949997,145.24791,56368300
AAPL,8/5/21,146.979996,147.839996,146.169998,147.059998,145.356644,46397700
AAPL,8/6/21,146.350006,147.110001,145.630005,146.139999,144.663712,54126800
AAPL,8/9/21,146.199997,146.699997,145.520004,146.089996,144.614212,48908700
AAPL,8/10/21,146.440002,147.710007,145.300003,145.600006,144.12915,69023100
AAPL,8/11/21,146.050003,146.720001,145.529999,145.860001,144.38652,48493500
AAPL,8/12/21,146.190002,149.050003,145.839996,148.889999,147.385925,72282600
AAPL,8/13/21,148.970001,149.440002,148.270004,149.100006,147.593796,59375000
AAPL,8/16/21,148.539993,151.190002,146.470001,151.119995,149.593399,103296000
AAPL,8/17/21,150.229996,151.679993,149.089996,150.190002,148.672775,92229700
AAPL,8/18/21,149.800003,150.720001,146.149994,146.360001,144.881485,86326000
AAPL,8/19/21,145.029999,148,144.5,146.699997,145.218048,86960300
AAPL,8/20/21,147.440002,148.5,146.779999,148.190002,146.692978,60549600
AAPL,8/23/21,148.309998,150.190002,147.889999,149.710007,148.197647,60131800
AAPL,8/24/21,149.449997,150.860001,149.149994,149.619995,148.108536,48606400
AAPL,8/25/21,149.809998,150.320007,147.800003,148.360001,146.861282,58991300
AAPL,8/26/21,148.350006,149.119995,147.509995,147.539993,146.049561,48597200
AAPL,8/27/21,147.479996,148.75,146.830002,148.600006,147.098846,55802400
AAPL,8/30/21,149,153.490005,148.610001,153.119995,151.573212,90956700
AAPL,8/31/21,152.660004,152.800003,151.289993,151.830002,150.296219,86453100
AAPL,9/1/21,152.830002,154.979996,152.339996,152.509995,150.969345,80313700
AAPL,9/2/21,153.869995,154.720001,152.399994,153.649994,152.097855,71115500
AAPL,9/3/21,153.759995,154.630005,153.089996,154.300003,152.741287,57808700
AAPL,9/7/21,154.970001,157.259995,154.389999,156.690002,155.107132,82278300
AAPL,9/8/21,156.979996,157.039993,153.979996,155.110001,153.543091,74420200
AAPL,9/9/21,155.490005,156.110001,153.949997,154.070007,152.513611,57305700
AAPL,9/10/21,155,155.479996,148.699997,148.970001,147.465118,140893200
AAPL,9/13/21,150.630005,151.419998,148.75,149.550003,148.039246,102404300
AAPL,9/14/21,150.350006,151.070007,146.910004,148.119995,146.623688,109296300
AAPL,9/15/21,148.559998,149.440002,146.369995,149.029999,147.524506,83281300
AAPL,9/16/21,148.440002,148.970001,147.220001,148.789993,147.286926,68034100
AAPL,9/17/21,148.820007,148.820007,145.759995,146.059998,144.584488,129868800
AAPL,9/20/21,143.800003,144.839996,141.270004,142.940002,141.496017,123478900
AAPL,9/21/21,143.929993,144.600006,142.779999,143.429993,141.981079,75834000
AAPL,9/22/21,144.449997,146.429993,143.699997,145.850006,144.376633,76404300
AAPL,9/23/21,146.649994,147.080002,145.639999,146.830002,145.346741,64838200
AAPL,9/24/21,145.660004,147.470001,145.559998,146.919998,145.435822,53477900
AAPL,9/27/21,145.470001,145.960007,143.820007,145.369995,143.901489,74150700
AAPL,9/28/21,143.25,144.75,141.690002,141.910004,140.47644,108972300
AAPL,9/29/21,142.470001,144.449997,142.029999,142.830002,141.387146,74602000
AAPL,9/30/21,143.660004,144.380005,141.279999,141.5,140.070587,89056700
AAPL,10/1/21,141.899994,142.919998,139.110001,142.649994,141.208954,94639600
AAPL,10/4/21,141.759995,142.210007,138.270004,139.139999,137.734436,98322000
AAPL,10/5/21,139.490005,142.240005,139.360001,141.110001,139.684509,80861100
AAPL,10/6/21,139.470001,142.149994,138.369995,142,140.565536,83221100
AAPL,10/7/21,143.059998,144.220001,142.720001,143.289993,141.842499,61732700
AAPL,10/8/21,144.029999,144.179993,142.559998,142.899994,141.456451,58773200
AAPL,10/11/21,142.270004,144.809998,141.809998,142.809998,141.36734,64452200
AAPL,10/12/21,143.229996,143.25,141.039993,141.509995,140.080475,73035900
AAPL,10/13/21,141.240005,141.399994,139.199997,140.910004,139.486557,78762700
AAPL,10/14/21,142.110001,143.880005,141.509995,143.759995,142.307755,69907100
AAPL,10/15/21,143.770004,144.899994,143.509995,144.839996,143.376831,67940300
AAPL,10/18/21,143.449997,146.839996,143.160004,146.550003,145.069565,85589200
AAPL,10/19/21,147.009995,149.169998,146.550003,148.759995,147.257248,76378900
AAPL,10/20/21,148.699997,149.75,148.119995,149.259995,147.752167,58418800
AAPL,10/21/21,148.809998,149.639999,147.869995,149.479996,147.969955,61421000
AAPL,10/22/21,149.690002,150.179993,148.639999,148.690002,147.187943,58883400
AAPL,10/25/21,148.679993,149.369995,147.619995,148.639999,147.138428,50720600
AAPL,10/26/21,149.330002,150.839996,149.009995,149.320007,147.8116,60893400
AAPL,10/27/21,149.360001,149.729996,148.490005,148.850006,147.346313,56094900
AAPL,10/28/21,149.820007,153.169998,149.720001,152.570007,151.028763,100077900
AAPL,10/29/21,147.220001,149.940002,146.410004,149.800003,148.286743,124953200
AAPL,11/1/21,148.990005,149.699997,147.800003,148.960007,147.455215,74588300
AAPL,11/2/21,148.660004,151.570007,148.649994,150.020004,148.504517,69122000
AAPL,11/3/21,150.389999,151.970001,149.820007,151.490005,149.959686,54511500
AAPL,11/4/21,151.580002,152.429993,150.639999,150.960007,149.435028,60394600
AAPL,11/5/21,151.889999,152.199997,150.059998,151.279999,149.970352,65463900
AAPL,11/8/21,151.410004,151.570007,150.160004,150.440002,149.137589,55020900
AAPL,11/9/21,150.199997,151.429993,150.059998,150.809998,149.504425,56787900
AAPL,11/10/21,150.020004,150.130005,147.850006,147.919998,146.63942,65187100
AAPL,11/11/21,148.960007,149.429993,147.679993,147.869995,146.589828,41000000
AAPL,11/12/21,148.429993,150.399994,147.479996,149.990005,148.691513,63804000
AAPL,11/15/21,150.369995,151.880005,149.429993,150,148.701416,59222800
AAPL,11/16/21,149.940002,151.490005,149.339996,151,149.692764,59256200
AAPL,11/17/21,151,155,150.990005,153.490005,152.161209,88807000
AAPL,11/18/21,153.710007,158.669998,153.050003,157.869995,156.503281,137827700
AAPL,11/19/21,157.649994,161.020004,156.529999,160.550003,159.16008,117305600
AAPL,11/22/21,161.679993,165.699997,161,161.020004,159.626007,117467900
AAPL,11/23/21,161.119995,161.800003,159.059998,161.410004,160.012634,96041900
AAPL,11/24/21,160.75,162.139999,159.639999,161.940002,160.538055,69463600
AAPL,11/26/21,159.570007,160.449997,156.360001,156.809998,155.452454,76959800
AAPL,11/29/21,159.369995,161.190002,158.789993,160.240005,158.852768,88748200
AAPL,11/30/21,159.990005,165.520004,159.919998,165.300003,163.868973,174048100
AAPL,12/1/21,167.479996,170.300003,164.529999,164.770004,163.343567,152052500
AAPL,12/2/21,158.740005,164.199997,157.800003,163.759995,162.3423,136739200
AAPL,12/3/21,164.020004,164.960007,159.720001,161.839996,160.438919,118023100
AAPL,12/6/21,164.289993,167.880005,164.279999,165.320007,163.888794,107497000
AAPL,12/7/21,169.080002,171.580002,168.339996,171.179993,169.698044,120405400
AAPL,12/8/21,172.130005,175.960007,170.699997,175.080002,173.564316,116998900
AAPL,12/9/21,174.910004,176.75,173.919998,174.559998,173.048798,108923700
AAPL,12/10/21,175.210007,179.630005,174.690002,179.449997,177.896454,115402700
AAPL,12/13/21,181.119995,182.130005,175.529999,175.740005,174.218597,153237000
AAPL,12/14/21,175.25,177.740005,172.210007,174.330002,172.820801,139380400
AAPL,12/15/21,175.110001,179.5,172.309998,179.300003,177.747757,131063300
AAPL,12/16/21,179.279999,181.139999,170.75,172.259995,170.768707,150185800
AAPL,12/17/21,169.929993,173.470001,169.690002,171.139999,169.658401,195432700
AAPL,12/20/21,168.279999,170.580002,167.460007,169.75,168.280441,107499100
AAPL,12/21/21,171.559998,173.199997,169.119995,172.990005,171.492401,91185900
AAPL,12/22/21,173.039993,175.860001,172.149994,175.639999,174.119446,92135300
AAPL,12/23/21,175.850006,176.850006,175.270004,176.279999,174.753906,68356600
AAPL,12/27/21,177.089996,180.419998,177.070007,180.330002,178.768845,74919600
AAPL,12/28/21,180.160004,181.330002,178.529999,179.289993,177.737839,79144300
AAPL,12/29/21,179.330002,180.630005,178.139999,179.380005,177.827057,62348900
AAPL,12/30/21,179.470001,180.570007,178.089996,178.199997,176.657288,59773000
AAPL,12/31/21,178.089996,179.229996,177.259995,177.570007,176.032761,64062300
AAPL,1/3/22,177.830002,182.880005,177.710007,182.009995,180.43428,104487900
AAPL,1/4/22,182.630005,182.940002,179.119995,179.699997,178.144287,99310400
AAPL,1/5/22,179.610001,180.169998,174.639999,174.919998,173.40567,94537600
AAPL,1/6/22,172.699997,175.300003,171.639999,172,170.510956,96904000
AAPL,1/7/22,172.889999,174.139999,171.029999,172.169998,170.679474,86709100
AAPL,1/10/22,169.080002,172.5,168.169998,172.190002,170.699295,106765600
AAPL,1/11/22,172.320007,175.179993,170.820007,175.080002,173.564316,76138300
AAPL,1/12/22,176.119995,177.179993,174.820007,175.529999,174.010391,74805200
AAPL,1/13/22,175.779999,176.619995,171.789993,172.190002,170.699295,84505800
AAPL,1/14/22,171.339996,173.779999,171.089996,173.070007,171.571716,80440800
AAPL,1/18/22,171.509995,172.539993,169.410004,169.800003,168.330002,90956700
AAPL,1/19/22,170,171.080002,165.940002,166.229996,164.790924,94815000
AAPL,1/20/22,166.979996,169.679993,164.179993,164.509995,163.0858,91420500
AAPL,1/21/22,164.419998,166.330002,162.300003,162.410004,161.003983,122848900
AAPL,1/24/22,160.020004,162.300003,154.699997,161.619995,160.220825,162294600
AAPL,1/25/22,158.979996,162.759995,157.020004,159.779999,158.396744,115798400
AAPL,1/26/22,163.5,164.389999,157.820007,159.690002,158.307526,108275300
AAPL,1/27/22,162.449997,163.839996,158.279999,159.220001,157.841599,121954600
AAPL,1/28/22,165.710007,170.350006,162.800003,170.330002,168.855408,179935700
AAPL,1/31/22,170.160004,175,169.509995,174.779999,173.266907,115541600
AAPL,2/1/22,174.009995,174.839996,172.309998,174.610001,173.098373,86213900
AAPL,2/2/22,174.75,175.880005,173.330002,175.839996,174.317719,84914300
AAPL,2/3/22,174.479996,176.240005,172.119995,172.899994,171.403168,89418100
AAPL,2/4/22,171.679993,174.100006,170.679993,172.389999,171.115295,82465400
AAPL,2/7/22,172.860001,173.949997,170.949997,171.660004,170.390701,77251200
AAPL,2/8/22,171.729996,175.350006,171.429993,174.830002,173.537277,74829200
AAPL,2/9/22,176.050003,176.649994,174.899994,176.279999,174.976547,71285000
AAPL,2/10/22,174.139999,175.479996,171.550003,172.119995,170.847305,90865900
AAPL,2/11/22,172.330002,173.080002,168.039993,168.639999,167.393051,98670700
AAPL,2/14/22,167.369995,169.580002,166.559998,168.880005,167.631271,86185500
AAPL,2/15/22,170.970001,172.949997,170.25,172.789993,171.51236,62527400
AAPL,2/16/22,171.850006,173.339996,170.050003,172.550003,171.274155,61177400
AAPL,2/17/22,171.029999,171.910004,168.470001,168.880005,167.631271,69589300
AAPL,2/18/22,169.820007,170.539993,166.190002,167.300003,166.062958,82772700
AAPL,2/22/22,164.979996,166.690002,162.149994,164.320007,163.105011,91162800
AAPL,2/23/22,165.539993,166.149994,159.75,160.070007,158.886414,90009200
AAPL,2/24/22,152.580002,162.850006,152,162.740005,161.536697,141147500
AAPL,2/25/22,163.839996,165.119995,160.869995,164.850006,163.631088,91974200
AAPL,2/28/22,163.059998,165.419998,162.429993,165.119995,163.899063,95056600
AAPL,3/1/22,164.699997,166.600006,161.970001,163.199997,161.993271,83474400
AAPL,3/2/22,164.389999,167.360001,162.949997,166.559998,165.328415,79724800
AAPL,3/3/22,168.470001,168.910004,165.550003,166.229996,165.00087,76678400
AAPL,3/4/22,164.490005,165.550003,162.100006,163.169998,161.963486,83737200
AAPL,3/7/22,163.360001,165.020004,159.039993,159.300003,158.122116,96418800
AAPL,3/8/22,158.820007,162.880005,155.800003,157.440002,156.275848,131148300
AAPL,3/9/22,161.479996,163.410004,159.410004,162.949997,161.745117,91454900
AAPL,3/10/22,160.199997,160.389999,155.979996,158.520004,157.34787,105342000
AAPL,3/11/22,158.929993,159.279999,154.5,154.729996,153.585892,96970100
AAPL,3/14/22,151.449997,154.119995,150.100006,150.619995,149.506271,108732100
AAPL,3/15/22,150.899994,155.570007,150.380005,155.089996,153.943237,92964300
AAPL,3/16/22,157.050003,160,154.460007,159.589996,158.409958,102300200
AAPL,3/17/22,158.610001,161,157.630005,160.619995,159.432327,75615400
AAPL,3/18/22,160.509995,164.479996,159.759995,163.979996,162.767502,123511700
AAPL,3/21/22,163.509995,166.350006,163.009995,165.380005,164.157166,95811400
AAPL,3/22/22,165.509995,169.419998,164.910004,168.820007,167.571716,81532000
AAPL,3/23/22,167.990005,172.639999,167.649994,170.210007,168.951431,98062700
AAPL,3/24/22,171.059998,174.139999,170.210007,174.070007,172.782913,90131400
AAPL,3/25/22,173.880005,175.279999,172.75,174.720001,173.428101,80546200
AAPL,3/28/22,172.169998,175.729996,172,175.600006,174.301605,90371900
AAPL,3/29/22,176.690002,179.009995,176.339996,178.960007,177.636734,100589400
AAPL,3/30/22,178.550003,179.610001,176.699997,177.770004,176.455551,92633200
AAPL,3/31/22,177.839996,178.029999,174.399994,174.610001,173.318909,103049300
AAPL,4/1/22,174.029999,174.880005,171.940002,174.309998,173.021118,78751300
AAPL,4/4/22,174.570007,178.490005,174.440002,178.440002,177.120575,76468400
AAPL,4/5/22,177.5,178.300003,174.419998,175.059998,173.765564,73401800
AAPL,4/6/22,172.360001,173.630005,170.130005,171.830002,170.559464,89058800
AAPL,4/7/22,171.160004,173.360001,169.850006,172.139999,170.867157,77594700
AAPL,4/8/22,171.779999,171.779999,169.199997,170.089996,168.832306,76575500
AAPL,4/11/22,168.710007,169.029999,165.5,165.75,164.524429,72246700
AAPL,4/12/22,168.020004,169.869995,166.639999,167.660004,166.420288,79265200
AAPL,4/13/22,167.389999,171.039993,166.770004,170.399994,169.140015,70618900
AAPL,4/14/22,170.619995,171.270004,165.039993,165.289993,164.06781,75329400
AAPL,4/18/22,163.919998,166.600006,163.570007,165.070007,163.849457,69023900
AAPL,4/19/22,165.020004,167.820007,163.910004,167.399994,166.162216,67723800
AAPL,4/20/22,168.759995,168.880005,166.100006,167.229996,165.993469,67929800
AAPL,4/21/22,168.910004,171.529999,165.910004,166.419998,165.189438,87227800
AAPL,4/22/22,166.460007,167.869995,161.5,161.789993,160.593689,84882400
AAPL,4/25/22,161.119995,163.169998,158.460007,162.880005,161.675644,96046400
AAPL,4/26/22,162.25,162.339996,156.720001,156.800003,155.640594,95623200
AAPL,4/27/22,155.910004,159.789993,155.380005,156.570007,155.412292,88063200
AAPL,4/28/22,159.25,164.520004,158.929993,163.639999,162.430008,130216800
AAPL,4/29/22,161.839996,166.199997,157.25,157.649994,156.484299,131747600
AAPL,5/2/22,156.710007,158.229996,153.270004,157.960007,156.792023,123055300
AAPL,5/3/22,158.149994,160.710007,156.320007,159.479996,158.300766,88966500
AAPL,5/4/22,159.669998,166.479996,159.259995,166.020004,164.792435,108256500
AAPL,5/5/22,163.850006,164.080002,154.949997,156.770004,155.610825,130525300
AAPL,5/6/22,156.009995,159.440002,154.179993,157.279999,156.34642,116124600
AAPL,5/9/22,154.929993,155.830002,151.490005,152.059998,151.15741,131577900
AAPL,5/10/22,155.520004,156.740005,152.929993,154.509995,153.592865,115366700
AAPL,5/11/22,153.5,155.449997,145.809998,146.5,145.630417,142689800
AAPL,5/12/22,142.770004,146.199997,138.800003,142.559998,141.713806,182602000
AAPL,5/13/22,144.589996,148.100006,143.110001,147.110001,146.236786,113990900
AAPL,5/16/22,145.550003,147.520004,144.179993,145.539993,144.676102,86643800
AAPL,5/17/22,148.860001,149.770004,146.679993,149.240005,148.354156,78336300
AAPL,5/18/22,146.850006,147.360001,139.899994,140.820007,139.984146,109742900
AAPL,5/19/22,139.880005,141.660004,136.600006,137.350006,136.534729,136095600
AAPL,5/20/22,139.089996,140.699997,132.610001,137.589996,136.7733,137426100
AAPL,5/23/22,137.789993,143.259995,137.649994,143.110001,142.260529,117726300
AAPL,5/24/22,140.809998,141.970001,137.330002,140.360001,139.52684,104132700
AAPL,5/25/22,138.429993,141.789993,138.339996,140.520004,139.685913,92482700
AAPL,5/26/22,137.389999,144.339996,137.139999,143.779999,142.926544,90601500
AAPL,5/27/22,145.389999,149.679993,145.259995,149.639999,148.751755,90978500
AAPL,5/31/22,149.070007,150.660004,146.839996,148.839996,147.956512,103718400
AAPL,6/1/22,149.899994,151.740005,147.679993,148.710007,147.827301,74286600
AAPL,6/2/22,147.830002,151.270004,146.860001,151.210007,150.312469,72348100
AAPL,6/3/22,146.899994,147.970001,144.460007,145.380005,144.517059,88570300
AAPL,6/6/22,147.029999,148.570007,144.899994,146.139999,145.272552,71598400
AAPL,6/7/22,144.350006,149,144.100006,148.710007,147.827301,67808200
AAPL,6/8/22,148.580002,149.869995,147.460007,147.960007,147.081757,53950200
AAPL,6/9/22,147.080002,147.949997,142.529999,142.639999,141.79332,69473000
AAPL,6/10/22,140.279999,140.759995,137.059998,137.130005,136.31601,91437900
AAPL,6/13/22,132.869995,135.199997,131.440002,131.880005,131.097198,122207100
AAPL,6/14/22,133.130005,133.889999,131.479996,132.759995,131.971954,84784300
AAPL,6/15/22,134.289993,137.339996,132.160004,135.429993,134.626099,91533000
AAPL,6/16/22,132.080002,132.389999,129.039993,130.059998,129.287979,108123900
AAPL,6/17/22,130.070007,133.080002,129.809998,131.559998,130.779083,134520300
AAPL,6/21/22,133.419998,137.059998,133.320007,135.869995,135.063492,81000500
AAPL,6/22/22,134.789993,137.759995,133.910004,135.350006,134.5466,73409200
AAPL,6/23/22,136.820007,138.589996,135.630005,138.270004,137.449249,72433800
AAPL,6/24/22,139.899994,141.910004,139.770004,141.660004,140.819153,89116800
AAPL,6/27/22,142.699997,143.490005,140.970001,141.660004,140.819153,70207900
AAPL,6/28/22,142.130005,143.419998,137.320007,137.440002,136.624176,67083400
AAPL,6/29/22,137.460007,140.669998,136.669998,139.229996,138.403564,66242400
AAPL,6/30/22,137.25,138.369995,133.770004,136.720001,135.908463,98964500
AAPL,7/1/22,136.039993,139.039993,135.660004,138.929993,138.105331,71051600
AAPL,7/5/22,137.770004,141.610001,136.929993,141.559998,140.719742,73353800
AAPL,7/6/22,141.350006,144.119995,141.080002,142.919998,142.071655,74064300
AAPL,7/7/22,143.289993,146.550003,143.279999,146.350006,145.481308,66253700
AAPL,7/8/22,145.259995,147.550003,145,147.039993,146.167191,64547800
AAPL,7/11/22,145.669998,146.639999,143.779999,144.869995,144.010086,63141600
AAPL,7/12/22,145.759995,148.449997,145.050003,145.860001,144.994202,77588800
AAPL,7/13/22,142.990005,146.449997,142.119995,145.490005,144.626404,71185600
AAPL,7/14/22,144.080002,148.949997,143.25,148.470001,147.588699,78140700
AAPL,7/15/22,149.779999,150.860001,148.199997,150.169998,149.27861,76259900
AAPL,7/18/22,150.740005,151.570007,146.699997,147.070007,146.197021,81420900
AAPL,7/19/22,147.919998,151.229996,146.910004,151,150.103699,82982400
AAPL,7/20/22,151.119995,153.720001,150.369995,153.039993,152.131577,64823400
AAPL,7/21/22,154.5,155.570007,151.940002,155.350006,154.427887,65086600
AAPL,7/22/22,155.389999,156.279999,153.410004,154.089996,153.175369,66675400
AAPL,7/25/22,154.009995,155.039993,152.279999,152.949997,152.04213,53623900
AAPL,7/26/22,152.259995,153.089996,150.800003,151.600006,150.700165,55138700
AAPL,7/27/22,152.580002,157.330002,152.160004,156.789993,155.859314,78620700
AAPL,7/28/22,156.979996,157.639999,154.410004,157.350006,156.416,81378700
AAPL,7/29/22,161.240005,163.630005,159.5,162.509995,161.54538,101786900
AAPL,8/1/22,161.009995,163.589996,160.889999,161.509995,160.551315,67829400
AAPL,8/2/22,160.100006,162.410004,159.630005,160.009995,159.060196,59907000
AAPL,8/3/22,160.839996,166.589996,160.75,166.130005,165.14389,82507500
AAPL,8/4/22,166.009995,167.190002,164.429993,165.809998,164.82579,55474100
AAPL,8/5/22,163.210007,165.850006,163,165.350006,164.596848,56697000
AAPL,8/8/22,166.369995,167.809998,164.199997,164.869995,164.119019,60276900
AAPL,8/9/22,164.020004,165.820007,163.25,164.919998,164.168793,63135500
AAPL,8/10/22,167.679993,169.339996,166.899994,169.240005,168.469116,70170500
AAPL,8/11/22,170.059998,170.990005,168.190002,168.490005,167.722534,57149200
AAPL,8/12/22,169.820007,172.169998,169.399994,172.100006,171.316086,68039400
AAPL,8/15/22,171.520004,173.389999,171.350006,173.190002,172.401123,54091700
AAPL,8/16/22,172.779999,173.710007,171.660004,173.029999,172.241867,56377100
AAPL,8/17/22,172.770004,176.149994,172.570007,174.550003,173.754929,79542000
AAPL,8/18/22,173.75,174.899994,173.119995,174.149994,173.356735,62290100
AAPL,8/19/22,173.029999,173.740005,171.309998,171.520004,170.738724,70346300
AAPL,8/22/22,169.690002,169.860001,167.139999,167.570007,166.806732,69026800
AAPL,8/23/22,167.080002,168.710007,166.649994,167.229996,166.468262,54147100
AAPL,8/24/22,167.320007,168.110001,166.25,167.529999,166.766907,53841500
AAPL,8/25/22,168.779999,170.139999,168.350006,170.029999,169.255508,51218200
AAPL,8/26/22,170.570007,171.050003,163.559998,163.619995,162.87471,78961000
AAPL,8/29/22,161.149994,162.899994,159.820007,161.380005,160.644913,73314000
AAPL,8/30/22,162.130005,162.559998,157.720001,158.910004,158.186172,77906200
AAPL,8/31/22,160.309998,160.580002,157.139999,157.220001,156.503876,87991100
AAPL,9/1/22,156.639999,158.419998,154.669998,157.960007,157.240509,74229900
AAPL,9/2/22,159.75,160.360001,154.970001,155.809998,155.100281,76957800
AAPL,9/6/22,156.470001,157.089996,153.690002,154.529999,153.826126,73714800
AAPL,9/7/22,154.820007,156.669998,153.610001,155.960007,155.249603,87449600
AAPL,9/8/22,154.639999,156.360001,152.679993,154.460007,153.756439,84923800
AAPL,9/9/22,155.470001,157.820007,154.75,157.369995,156.653168,68028800
AAPL,9/12/22,159.589996,164.259995,159.300003,163.429993,162.685577,104956000
AAPL,9/13/22,159.899994,160.539993,153.369995,153.839996,153.139252,122656600
AAPL,9/14/22,154.789993,157.100006,153.610001,155.309998,154.602554,87965400
AAPL,9/15/22,154.649994,155.240005,151.380005,152.369995,151.675964,90481100
AAPL,9/16/22,151.210007,151.350006,148.369995,150.699997,150.013565,162278800
AAPL,9/19/22,149.309998,154.559998,149.100006,154.479996,153.776337,81474200
AAPL,9/20/22,153.399994,158.080002,153.080002,156.899994,156.185318,107689800
AAPL,9/21/22,157.339996,158.740005,153.600006,153.720001,153.019806,101696800
AAPL,9/22/22,152.380005,154.470001,150.910004,152.740005,152.044281,86652500
AAPL,9/23/22,151.190002,151.470001,148.559998,150.429993,149.744781,96029900
AAPL,9/26/22,149.660004,153.770004,149.639999,150.770004,150.083267,93339400
AAPL,9/27/22,152.740005,154.720001,149.949997,151.759995,151.068741,84442700
AAPL,9/28/22,147.639999,150.639999,144.839996,149.839996,149.157471,146691400
AAPL,9/29/22,146.100006,146.720001,140.679993,142.479996,141.831009,128138200
AAPL,9/30/22,141.279999,143.100006,138,138.199997,137.570496,124925300
AAPL,10/3/22,138.210007,143.070007,137.690002,142.449997,141.801147,114311700
AAPL,10/4/22,145.029999,146.220001,144.259995,146.100006,145.434525,87830100
AAPL,10/5/22,144.070007,147.380005,143.009995,146.399994,145.733154,79471000
AAPL,10/6/22,145.809998,147.539993,145.220001,145.429993,144.767563,68402200
AAPL,10/7/22,142.539993,143.100006,139.449997,140.089996,139.451889,85925600
AAPL,10/10/22,140.419998,141.889999,138.570007,140.419998,139.780396,74899000
AAPL,10/11/22,139.899994,141.350006,138.220001,138.979996,138.346939,77033700
AAPL,10/12/22,139.130005,140.360001,138.160004,138.339996,137.709854,70433700
AAPL,10/13/22,134.990005,143.589996,134.369995,142.990005,142.338699,113224000
AAPL,10/14/22,144.309998,144.520004,138.190002,138.380005,137.74968,88598000
AAPL,10/17/22,141.070007,142.899994,140.270004,142.410004,141.761322,85250900
AAPL,10/18/22,145.490005,146.699997,140.610001,143.75,143.095215,99136600
AAPL,10/19/22,141.690002,144.949997,141.5,143.860001,143.204712,61758300
AAPL,10/20/22,143.020004,145.889999,142.649994,143.389999,142.736862,64522000
AAPL,10/21/22,142.869995,147.850006,142.649994,147.270004,146.599182,86548600
AAPL,10/24/22,147.190002,150.229996,146,149.449997,148.769257,75981900
AAPL,10/25/22,150.089996,152.490005,149.360001,152.339996,151.646103,74732300
AAPL,10/26/22,150.960007,151.990005,148.039993,149.350006,148.669708,88194300
AAPL,10/27/22,148.070007,149.050003,144.130005,144.800003,144.140442,109180200
AAPL,10/28/22,148.199997,157.5,147.820007,155.740005,155.030609,164762400
AAPL,10/31/22,153.160004,154.240005,151.919998,153.339996,152.641541,97943200
AAPL,11/1/22,155.080002,155.449997,149.130005,150.649994,149.963791,80379300
AAPL,11/2/22,148.949997,152.169998,145,145.029999,144.369385,93604600
AAPL,11/3/22,142.059998,142.800003,138.75,138.880005,138.247391,97918500
AAPL,11/4/22,142.089996,142.669998,134.380005,138.380005,137.97818,140814800
AAPL,11/7/22,137.110001,139.149994,135.669998,138.919998,138.516617,83374600
AAPL,11/8/22,140.410004,141.429993,137.490005,139.5,139.09494,89908500
AAPL,11/9/22,138.5,138.550003,134.589996,134.869995,134.478378,74917800
AAPL,11/10/22,141.240005,146.869995,139.5,146.869995,146.443527,118854000
AAPL,11/11/22,145.820007,150.009995,144.369995,149.699997,149.265305,93979700
AAPL,11/14/22,148.970001,150.279999,147.429993,148.279999,147.849442,73374100
AAPL,11/15/22,152.220001,153.589996,148.559998,150.039993,149.604324,89868300
AAPL,11/16/22,149.130005,149.869995,147.289993,148.789993,148.357956,64218300
AAPL,11/17/22,146.429993,151.479996,146.149994,150.720001,150.282364,80389400
AAPL,11/18/22,152.309998,152.699997,149.970001,151.289993,150.850708,74829600
AAPL,11/21/22,150.160004,150.369995,147.720001,148.009995,147.580215,58724100
AAPL,11/22/22,148.130005,150.419998,146.929993,150.179993,149.743912,51804100
AAPL,11/23/22,149.449997,151.830002,149.339996,151.070007,150.631348,58301400
AAPL,11/25/22,148.309998,148.880005,147.119995,148.110001,147.679932,35195900
AAPL,11/28/22,145.139999,146.639999,143.380005,144.220001,143.801239,69246000
AAPL,11/29/22,144.289993,144.809998,140.350006,141.169998,140.760086,83763800
AAPL,11/30/22,141.399994,148.720001,140.550003,148.029999,147.600159,111380900
AAPL,12/1/22,148.210007,149.130005,146.610001,148.309998,147.879349,71250400
AAPL,12/2/22,145.960007,148,145.649994,147.809998,147.380798,65447400
AAPL,12/5/22,147.770004,150.919998,145.770004,146.630005,146.204239,68826400
AAPL,12/6/22,147.070007,147.300003,141.919998,142.910004,142.495041,64727200
AAPL,12/7/22,142.190002,143.369995,140,140.940002,140.530762,69721100
AAPL,12/8/22,142.360001,143.520004,141.100006,142.649994,142.235794,62128300
AAPL,12/9/22,142.339996,145.570007,140.899994,142.160004,141.747223,76097000
AAPL,12/12/22,142.699997,144.5,141.059998,144.490005,144.07045,70462700
AAPL,12/13/22,149.5,149.970001,144.240005,145.470001,145.047607,93886200
AAPL,12/14/22,145.350006,146.660004,141.160004,143.210007,142.794174,82291200
AAPL,12/15/22,141.110001,141.800003,136.029999,136.5,136.103638,98931900
AAPL,12/16/22,136.690002,137.649994,133.729996,134.509995,134.119415,160156900
AAPL,12/19/22,135.110001,135.199997,131.320007,132.369995,131.985641,79592600
AAPL,12/20/22,131.389999,133.25,129.889999,132.300003,131.915848,77432800
AAPL,12/21/22,132.979996,136.809998,132.75,135.449997,135.056686,85928000
AAPL,12/22/22,134.350006,134.559998,130.300003,132.229996,131.846039,77852100
AAPL,12/23/22,130.919998,132.419998,129.639999,131.860001,131.477127,63814900
AAPL,12/27/22,131.380005,131.410004,128.720001,130.029999,129.652435,69007800
AAPL,12/28/22,129.669998,131.029999,125.870003,126.040001,125.674026,85438400
AAPL,12/29/22,127.989998,130.479996,127.730003,129.610001,129.233658,75703700
AAPL,12/30/22,128.410004,129.949997,127.43,129.929993,129.552719,77034200
AAPL,1/3/23,130.279999,130.899994,124.169998,125.07,124.706833,112117500
AAPL,1/4/23,126.889999,128.660004,125.080002,126.360001,125.993095,89113600
AAPL,1/5/23,127.129997,127.769997,124.760002,125.019997,124.656975,80962700
AAPL,1/6/23,126.010002,130.289993,124.889999,129.619995,129.243622,87754700
AAPL,1/9/23,130.470001,133.410004,129.889999,130.149994,129.772079,70790800
AAPL,1/10/23,130.259995,131.259995,128.119995,130.729996,130.350403,63896200
AAPL,1/11/23,131.25,133.509995,130.460007,133.490005,133.102386,69458900
AAPL,1/12/23,133.880005,134.259995,131.440002,133.410004,133.022629,71379600
AAPL,1/13/23,132.029999,134.919998,131.660004,134.759995,134.368698,57809700
AAPL,1/17/23,134.830002,137.289993,134.130005,135.940002,135.545273,63646600
AAPL,1/18/23,136.820007,138.610001,135.029999,135.210007,134.817398,69672800
AAPL,1/19/23,134.080002,136.25,133.770004,135.270004,134.877228,58280400
AAPL,1/20/23,135.279999,138.020004,134.220001,137.869995,137.469666,80223600
AAPL,1/23/23,138.119995,143.320007,137.899994,141.110001,140.700272,81760300
AAPL,1/24/23,140.309998,143.160004,140.300003,142.529999,142.116135,66435100
AAPL,1/25/23,140.889999,142.429993,138.809998,141.860001,141.44809,65799300
AAPL,1/26/23,143.169998,144.25,141.899994,143.960007,143.541992,54105100
AAPL,1/27/23,143.160004,147.229996,143.080002,145.929993,145.506256,70555800
AAPL,1/30/23,144.960007,145.550003,142.850006,143,142.584778,64015300
AAPL,1/31/23,142.699997,144.339996,142.279999,144.289993,143.871017,65874500
AAPL,2/1/23,143.970001,146.610001,141.320007,145.429993,145.007706,77663600
AAPL,2/2/23,148.899994,151.179993,148.169998,150.820007,150.38208,118339000
AAPL,2/3/23,148.029999,157.380005,147.830002,154.5,154.051376,154357300
AAPL,2/6/23,152.570007,153.100006,150.779999,151.729996,151.289429,69858300
AAPL,2/7/23,150.639999,155.229996,150.639999,154.649994,154.200943,83322600
AAPL,2/8/23,153.880005,154.580002,151.169998,151.919998,151.478882,64120100
AAPL,2/9/23,153.779999,154.330002,150.419998,150.869995,150.431931,56007100
AAPL,2/10/23,149.460007,151.339996,149.220001,151.009995,150.801407,57450700
AAPL,2/13/23,150.949997,154.259995,150.919998,153.850006,153.637497,62199000
AAPL,2/14/23,152.119995,153.770004,150.860001,153.199997,152.988388,61707600
AAPL,2/15/23,153.110001,155.5,152.880005,155.330002,155.115448,65573800
AAPL,2/16/23,153.509995,156.330002,153.350006,153.710007,153.497696,68167900
AAPL,2/17/23,152.350006,153,150.850006,152.550003,152.339294,59144100
AAPL,2/21/23,150.199997,151.300003,148.410004,148.479996,148.274902,58867200
AAPL,2/22/23,148.869995,149.949997,147.160004,148.910004,148.704315,51011300
AAPL,2/23/23,150.089996,150.339996,147.240005,149.399994,149.193634,48394200
AAPL,2/24/23,147.110001,147.190002,145.720001,146.710007,146.507355,55469600
AAPL,2/27/23,147.710007,149.169998,147.449997,147.919998,147.715683,44998500
AAPL,2/28/23,147.050003,149.080002,146.830002,147.410004,147.20639,50547000
AAPL,3/1/23,146.830002,147.229996,145.009995,145.309998,145.109283,55479000
AAPL,3/2/23,144.380005,146.710007,143.899994,145.910004,145.708466,52238100
AAPL,3/3/23,148.039993,151.110001,147.330002,151.029999,150.821381,70732300
AAPL,3/6/23,153.789993,156.300003,153.460007,153.830002,153.617523,87558000
AAPL,3/7/23,153.699997,154.029999,151.130005,151.600006,151.39061,56182000
AAPL,3/8/23,152.809998,153.470001,151.830002,152.869995,152.658844,47204800
AAPL,3/9/23,153.559998,154.539993,150.229996,150.589996,150.381989,53833600
AAPL,3/10/23,150.210007,150.940002,147.610001,148.5,148.294876,68572400
AAPL,3/13/23,147.809998,153.139999,147.699997,150.470001,150.262161,84457100
AAPL,3/14/23,151.279999,153.399994,150.100006,152.589996,152.379227,73695900
AAPL,3/15/23,151.190002,153.25,149.919998,152.990005,152.778687,77167900
AAPL,3/16/23,152.160004,156.460007,151.639999,155.850006,155.634735,76161100
AAPL,3/17/23,156.080002,156.740005,154.279999,155,154.785904,98944600
AAPL,3/20/23,155.070007,157.820007,154.149994,157.399994,157.182587,73641400
AAPL,3/21/23,157.320007,159.399994,156.539993,159.279999,159.059982,73938300
AAPL,3/22/23,159.300003,162.139999,157.809998,157.830002,157.612,75701800
AAPL,3/23/23,158.830002,161.550003,157.679993,158.929993,158.710464,67622100
AAPL,3/24/23,158.860001,160.339996,157.850006,160.25,160.028656,59196500
AAPL,3/27/23,159.940002,160.770004,157.869995,158.279999,158.061371,52390300
AAPL,3/28/23,157.970001,158.490005,155.979996,157.649994,157.432236,45992200
AAPL,3/29/23,159.369995,161.050003,159.350006,160.770004,160.547943,51305700
AAPL,3/30/23,161.529999,162.470001,161.270004,162.360001,162.135742,49501700
AAPL,3/31/23,162.440002,165,161.910004,164.899994,164.672226,68749800
AAPL,4/3/23,164.270004,166.289993,164.220001,166.169998,165.940475,56976200
AAPL,4/4/23,166.600006,166.839996,165.110001,165.630005,165.40123,46278300
AAPL,4/5/23,164.740005,165.050003,161.800003,163.759995,163.533798,51511700
AAPL,4/6/23,162.429993,164.960007,162,164.660004,164.432556,45390100
AAPL,4/10/23,161.419998,162.029999,160.080002,162.029999,161.806183,47716900
AAPL,4/11/23,162.350006,162.360001,160.509995,160.800003,160.577896,47644200
AAPL,4/12/23,161.220001,162.059998,159.779999,160.100006,159.87886,50133100
AAPL,4/13/23,161.630005,165.800003,161.419998,165.559998,165.331314,68445600
AAPL,4/14/23,164.589996,166.320007,163.820007,165.210007,164.981812,49386500
AAPL,4/17/23,165.089996,165.389999,164.029999,165.229996,165.00177,41516200
AAPL,4/18/23,166.100006,167.410004,165.649994,166.470001,166.240067,49923000
AAPL,4/19/23,165.800003,168.160004,165.539993,167.630005,167.398468,47720200
AAPL,4/20/23,166.089996,167.869995,165.559998,166.649994,166.4198,52456400
AAPL,4/21/23,165.050003,166.449997,164.490005,165.020004,164.792068,58337300
AAPL,4/24/23,165,165.600006,163.889999,165.330002,165.101639,41949600
AAPL,4/25/23,165.190002,166.309998,163.729996,163.770004,163.543793,48714100
AAPL,4/26/23,163.059998,165.279999,162.800003,163.759995,163.533798,45498800
AAPL,4/27/23,165.190002,168.559998,165.190002,168.410004,168.177383,64902300
AAPL,4/28/23,168.490005,169.850006,167.880005,169.679993,169.445618,55209200
AAPL,5/1/23,169.279999,170.449997,168.639999,169.589996,169.355743,52472900
AAPL,5/2/23,170.089996,170.350006,167.539993,168.539993,168.30719,48425700
AAPL,5/3/23,169.5,170.919998,167.160004,167.449997,167.218704,65136000
AAPL,5/4/23,164.889999,167.039993,164.309998,165.789993,165.560989,81235400
AAPL,5/5/23,170.979996,174.300003,170.759995,173.570007,173.330261,113316400
AAPL,5/8/23,172.479996,173.850006,172.110001,173.5,173.260345,55962800
AAPL,5/9/23,173.050003,173.539993,171.600006,171.770004,171.532745,45326900
AAPL,5/10/23,173.020004,174.029999,171.899994,173.559998,173.320267,53724500
AAPL,5/11/23,173.850006,174.589996,172.169998,173.75,173.51001,49514700
AAPL,5/12/23,173.619995,174.059998,171,172.570007,172.570007,45497800
AAPL,5/15/23,173.160004,173.210007,171.470001,172.070007,172.070007,37266700
AAPL,5/16/23,171.990005,173.139999,171.800003,172.070007,172.070007,42110300
AAPL,5/17/23,171.710007,172.929993,170.419998,172.690002,172.690002,57951600
AAPL,5/18/23,173,175.240005,172.580002,175.050003,175.050003,65496700
AAPL,5/19/23,176.389999,176.389999,174.940002,175.160004,175.160004,55772400
AAPL,5/22/23,173.979996,174.710007,173.449997,174.199997,174.199997,43570900
AAPL,5/23/23,173.130005,173.380005,171.279999,171.559998,171.559998,50747300
AAPL,5/24/23,171.089996,172.419998,170.520004,171.839996,171.839996,45143500
AAPL,5/25/23,172.410004,173.899994,171.690002,172.990005,172.990005,56058300
AAPL,5/26/23,173.320007,175.770004,173.110001,175.429993,175.429993,54835000
AAPL,5/30/23,176.960007,178.990005,176.570007,177.300003,177.300003,55964400
AAPL,5/31/23,177.330002,179.350006,176.759995,177.25,177.25,99625300
AAPL,6/1/23,177.699997,180.119995,176.929993,180.089996,180.089996,68901800
AAPL,6/2/23,181.029999,181.779999,179.259995,180.949997,180.949997,61945900
AAPL,6/5/23,182.630005,184.949997,178.039993,179.580002,179.580002,121946500
AAPL,6/6/23,179.970001,180.119995,177.429993,179.210007,179.210007,64848400
AAPL,6/7/23,178.440002,181.210007,177.320007,177.820007,177.820007,61944600
AAPL,6/8/23,177.899994,180.839996,177.460007,180.570007,180.570007,50214900
AAPL,6/9/23,181.5,182.229996,180.630005,180.960007,180.960007,48870700
AAPL,6/12/23,181.270004,183.889999,180.970001,183.789993,183.789993,54274900
AAPL,6/13/23,182.800003,184.149994,182.440002,183.309998,183.309998,54929100
AAPL,6/14/23,183.369995,184.389999,182.020004,183.949997,183.949997,57462900
AAPL,6/15/23,183.960007,186.520004,183.779999,186.009995,186.009995,65433200
AAPL,6/16/23,186.729996,186.990005,184.270004,184.919998,184.919998,101235600
AAPL,6/20/23,184.410004,186.100006,184.410004,185.009995,185.009995,49799100
AAPL,6/21/23,184.899994,185.410004,182.589996,183.960007,183.960007,49515700
AAPL,6/22/23,183.740005,187.050003,183.669998,187,187,51245300
AAPL,6/23/23,185.550003,187.559998,185.009995,186.679993,186.679993,53079300
AAPL,6/26/23,186.830002,188.050003,185.229996,185.270004,185.270004,48088700
AAPL,6/27/23,185.889999,188.389999,185.669998,188.059998,188.059998,50730800
AAPL,6/28/23,187.929993,189.899994,187.600006,189.25,189.25,51216800
AAPL,6/29/23,189.080002,190.070007,188.940002,189.589996,189.589996,46347300
AAPL,6/30/23,191.630005,194.479996,191.259995,193.970001,193.970001,85069600
AAPL,7/3/23,193.779999,193.880005,191.759995,192.460007,192.460007,31458200
AAPL,7/5/23,191.570007,192.979996,190.619995,191.330002,191.330002,46920300
AAPL,7/6/23,189.839996,192.020004,189.199997,191.809998,191.809998,45094300
AAPL,7/7/23,191.410004,192.669998,190.240005,190.679993,190.679993,46778000
AAPL,7/10/23,189.259995,189.990005,187.039993,188.610001,188.610001,59922200
AAPL,7/11/23,189.160004,189.300003,186.600006,188.080002,188.080002,46638100
AAPL,7/12/23,189.679993,191.699997,188.470001,189.770004,189.770004,60750200
AAPL,7/13/23,190.5,191.190002,189.779999,190.539993,190.539993,41342300
AAPL,7/14/23,190.229996,191.179993,189.630005,190.690002,190.690002,41573900
AAPL,7/17/23,191.899994,194.320007,191.809998,193.990005,193.990005,50520200
AAPL,7/18/23,193.350006,194.330002,192.419998,193.729996,193.729996,48353800
AAPL,7/19/23,193.100006,198.229996,192.649994,195.100006,195.100006,80507300
AAPL,7/20/23,195.089996,196.470001,192.5,193.130005,193.130005,59581200
AAPL,7/21/23,194.100006,194.970001,191.229996,191.940002,191.940002,71917800
AAPL,7/24/23,193.410004,194.910004,192.25,192.75,192.75,45377800
AAPL,7/25/23,193.330002,194.440002,192.919998,193.619995,193.619995,37283200
AAPL,7/26/23,193.669998,195.639999,193.320007,194.5,194.5,47471900
AAPL,7/27/23,196.020004,197.199997,192.550003,193.220001,193.220001,47460200
AAPL,7/28/23,194.669998,196.630005,194.139999,195.830002,195.830002,48254600